2026-05-11 09:00:50,027 [INFO] __main__: ==================================================
2026-05-11 09:00:50,027 [INFO] __main__: 开始什么值得买好价监控
2026-05-11 09:00:50,027 [INFO] __main__: ==================================================
2026-05-11 09:00:50,031 [INFO] __main__: 配置加载完成
2026-05-11 09:00:50,045 [INFO] __main__: 数据库初始化完成
2026-05-11 09:00:50,045 [INFO] __main__: 代理管理器初始化完成，可用代理: 0 个
2026-05-11 09:00:50,046 [INFO] __main__: 爬虫初始化完成
2026-05-11 09:00:50,046 [INFO] __main__: 评分器初始化完成
2026-05-11 09:00:50,046 [INFO] __main__: 通知器初始化完成
2026-05-11 09:00:50,046 [INFO] __main__: 开始抓取商品...
2026-05-11 09:00:51,657 [INFO] src.crawler.smzdm: 第1页: 获取20个商品 (耗时0.8s)
2026-05-11 09:00:51,657 [INFO] src.crawler.smzdm: 已抓取 20 个商品
2026-05-11 09:00:53,294 [INFO] src.crawler.smzdm: 第2页: 获取20个商品 (耗时0.5s)
2026-05-11 09:00:53,295 [INFO] src.crawler.smzdm: 已抓取 40 个商品
2026-05-11 09:00:54,518 [INFO] src.crawler.smzdm: 第3页: 获取20个商品 (耗时0.6s)
2026-05-11 09:00:54,518 [INFO] src.crawler.smzdm: 已抓取 60 个商品
2026-05-11 09:00:55,601 [INFO] src.crawler.smzdm: 第4页: 获取20个商品 (耗时0.6s)
2026-05-11 09:00:55,601 [INFO] src.crawler.smzdm: 已抓取 80 个商品
2026-05-11 09:00:57,521 [INFO] src.crawler.smzdm: 第5页: 获取20个商品 (耗时0.5s)
2026-05-11 09:00:57,521 [INFO] src.crawler.smzdm: 已抓取 100 个商品
2026-05-11 09:00:59,085 [INFO] src.crawler.smzdm: 第6页: 获取20个商品 (耗时0.7s)
2026-05-11 09:00:59,085 [INFO] src.crawler.smzdm: 已抓取 120 个商品
2026-05-11 09:01:00,748 [INFO] src.crawler.smzdm: 第7页: 获取20个商品 (耗时0.5s)
2026-05-11 09:01:00,748 [INFO] src.crawler.smzdm: 已抓取 140 个商品
2026-05-11 09:01:02,559 [INFO] src.crawler.smzdm: 第8页: 获取20个商品 (耗时0.6s)
2026-05-11 09:01:02,559 [INFO] src.crawler.smzdm: 已抓取 160 个商品
2026-05-11 09:01:04,713 [INFO] src.crawler.smzdm: 第9页: 获取20个商品 (耗时0.8s)
2026-05-11 09:01:04,714 [INFO] src.crawler.smzdm: 已抓取 180 个商品
2026-05-11 09:01:06,349 [INFO] src.crawler.smzdm: 第10页: 获取20个商品 (耗时0.6s)
2026-05-11 09:01:06,349 [INFO] src.crawler.smzdm: 已抓取 200 个商品
2026-05-11 09:01:07,742 [INFO] src.crawler.smzdm: 第11页: 获取20个商品 (耗时0.5s)
2026-05-11 09:01:07,743 [INFO] src.crawler.smzdm: 已抓取 220 个商品
2026-05-11 09:01:09,558 [INFO] src.crawler.smzdm: 第12页: 获取20个商品 (耗时0.8s)
2026-05-11 09:01:09,558 [INFO] src.crawler.smzdm: 已抓取 240 个商品
2026-05-11 09:01:11,000 [INFO] src.crawler.smzdm: 第13页: 获取20个商品 (耗时0.5s)
2026-05-11 09:01:11,000 [INFO] src.crawler.smzdm: 已抓取 260 个商品
2026-05-11 09:01:12,194 [INFO] src.crawler.smzdm: 第14页: 获取20个商品 (耗时0.6s)
2026-05-11 09:01:12,194 [INFO] src.crawler.smzdm: 已抓取 280 个商品
2026-05-11 09:01:14,199 [INFO] src.crawler.smzdm: 第15页: 获取20个商品 (耗时0.7s)
2026-05-11 09:01:14,199 [INFO] src.crawler.smzdm: 已抓取 300 个商品
2026-05-11 09:01:15,587 [INFO] src.crawler.smzdm: 第16页: 获取20个商品 (耗时0.5s)
2026-05-11 09:01:15,588 [INFO] src.crawler.smzdm: 已抓取 320 个商品
2026-05-11 09:01:16,956 [INFO] src.crawler.smzdm: 第17页: 获取20个商品 (耗时0.5s)
2026-05-11 09:01:16,957 [INFO] src.crawler.smzdm: 已抓取 340 个商品
2026-05-11 09:01:18,644 [INFO] src.crawler.smzdm: 第18页: 获取20个商品 (耗时0.5s)
2026-05-11 09:01:18,644 [INFO] src.crawler.smzdm: 已抓取 360 个商品
2026-05-11 09:01:20,152 [INFO] src.crawler.smzdm: 第19页: 获取20个商品 (耗时0.5s)
2026-05-11 09:01:20,152 [INFO] src.crawler.smzdm: 已抓取 380 个商品
2026-05-11 09:01:21,590 [INFO] src.crawler.smzdm: 第20页: 获取20个商品 (耗时0.5s)
2026-05-11 09:01:21,590 [INFO] src.crawler.smzdm: 已抓取 400 个商品
2026-05-11 09:01:23,463 [INFO] src.crawler.smzdm: 第21页: 获取20个商品 (耗时0.8s)
2026-05-11 09:01:23,463 [INFO] src.crawler.smzdm: 已抓取 420 个商品
2026-05-11 09:01:24,666 [INFO] src.crawler.smzdm: 第22页: 获取20个商品 (耗时0.5s)
2026-05-11 09:01:24,666 [INFO] src.crawler.smzdm: 已抓取 440 个商品
2026-05-11 09:01:25,864 [INFO] src.crawler.smzdm: 第23页: 获取20个商品 (耗时0.7s)
2026-05-11 09:01:25,864 [INFO] src.crawler.smzdm: 已抓取 460 个商品
2026-05-11 09:01:27,205 [INFO] src.crawler.smzdm: 第24页: 获取20个商品 (耗时0.5s)
2026-05-11 09:01:27,205 [INFO] src.crawler.smzdm: 已抓取 480 个商品
2026-05-11 09:01:28,761 [INFO] src.crawler.smzdm: 第25页: 获取20个商品 (耗时0.6s)
2026-05-11 09:01:28,761 [INFO] src.crawler.smzdm: 已抓取 500 个商品
2026-05-11 09:08:57,557 [INFO] __main__: ==================================================
2026-05-11 09:08:57,557 [INFO] __main__: 开始什么值得买好价监控
2026-05-11 09:08:57,557 [INFO] __main__: ==================================================
2026-05-11 09:08:57,561 [INFO] __main__: 配置加载完成
2026-05-11 09:08:57,581 [INFO] __main__: 数据库初始化完成
2026-05-11 09:09:10,745 [INFO] src.proxy.manager: 获取到 1 个可用代理
2026-05-11 09:09:10,746 [INFO] __main__: 代理管理器初始化完成，可用代理: 1 个
2026-05-11 09:09:10,746 [INFO] __main__: 爬虫初始化完成
2026-05-11 09:09:10,746 [INFO] __main__: 评分器初始化完成
2026-05-11 09:09:10,746 [INFO] __main__: 通知器初始化完成
2026-05-11 09:09:10,746 [INFO] __main__: 开始抓取商品...
2026-05-11 09:09:17,343 [INFO] src.crawler.smzdm: 第1页: 获取20个商品 (耗时5.4s)
2026-05-11 09:09:17,343 [INFO] src.crawler.smzdm: 已抓取 20 个商品
2026-05-11 09:09:20,347 [INFO] src.crawler.smzdm: 第2页: 获取20个商品 (耗时1.6s)
2026-05-11 09:09:20,347 [INFO] src.crawler.smzdm: 已抓取 40 个商品
2026-05-11 09:09:23,393 [INFO] src.crawler.smzdm: 第3页: 获取20个商品 (耗时1.6s)
2026-05-11 09:09:23,394 [INFO] src.crawler.smzdm: 已抓取 60 个商品
2026-05-11 09:09:25,732 [INFO] src.crawler.smzdm: 第4页: 获取20个商品 (耗时1.6s)
2026-05-11 09:09:25,732 [INFO] src.crawler.smzdm: 已抓取 80 个商品
2026-05-11 09:09:28,069 [INFO] src.crawler.smzdm: 第5页: 获取20个商品 (耗时1.5s)
2026-05-11 09:09:28,069 [INFO] src.crawler.smzdm: 已抓取 100 个商品
2026-05-11 09:09:30,471 [INFO] src.crawler.smzdm: 第6页: 获取20个商品 (耗时1.4s)
2026-05-11 09:09:30,471 [INFO] src.crawler.smzdm: 已抓取 120 个商品
2026-05-11 09:09:33,090 [INFO] src.crawler.smzdm: 第7页: 获取20个商品 (耗时1.4s)
2026-05-11 09:09:33,090 [INFO] src.crawler.smzdm: 已抓取 140 个商品
2026-05-11 09:09:35,334 [INFO] src.crawler.smzdm: 第8页: 获取20个商品 (耗时1.4s)
2026-05-11 09:09:35,334 [INFO] src.crawler.smzdm: 已抓取 160 个商品
2026-05-11 09:09:37,581 [INFO] src.crawler.smzdm: 第9页: 获取20个商品 (耗时1.4s)
2026-05-11 09:09:37,581 [INFO] src.crawler.smzdm: 已抓取 180 个商品
2026-05-11 09:09:40,332 [INFO] src.crawler.smzdm: 第10页: 获取20个商品 (耗时1.7s)
2026-05-11 09:09:40,333 [INFO] src.crawler.smzdm: 已抓取 200 个商品
2026-05-11 09:09:43,173 [INFO] src.crawler.smzdm: 第11页: 获取20个商品 (耗时1.4s)
2026-05-11 09:09:43,173 [INFO] src.crawler.smzdm: 已抓取 220 个商品
2026-05-11 09:09:45,663 [INFO] src.crawler.smzdm: 第12页: 获取20个商品 (耗时1.2s)
2026-05-11 09:09:45,664 [INFO] src.crawler.smzdm: 已抓取 240 个商品
2026-05-11 09:09:48,473 [INFO] src.crawler.smzdm: 第13页: 获取20个商品 (耗时1.4s)
2026-05-11 09:09:48,473 [INFO] src.crawler.smzdm: 已抓取 260 个商品
2026-05-11 09:09:50,777 [INFO] src.crawler.smzdm: 第14页: 获取20个商品 (耗时1.0s)
2026-05-11 09:09:50,777 [INFO] src.crawler.smzdm: 已抓取 280 个商品
2026-05-11 09:09:52,882 [INFO] src.crawler.smzdm: 第15页: 获取20个商品 (耗时1.1s)
2026-05-11 09:09:52,882 [INFO] src.crawler.smzdm: 已抓取 300 个商品
2026-05-11 09:09:54,597 [INFO] src.crawler.smzdm: 第16页: 获取20个商品 (耗时0.9s)
2026-05-11 09:09:54,598 [INFO] src.crawler.smzdm: 已抓取 320 个商品
2026-05-11 09:09:56,593 [INFO] src.crawler.smzdm: 第17页: 获取20个商品 (耗时0.8s)
2026-05-11 09:09:56,594 [INFO] src.crawler.smzdm: 已抓取 340 个商品
2026-05-11 09:09:57,835 [INFO] src.crawler.smzdm: 第18页: 获取20个商品 (耗时0.7s)
2026-05-11 09:09:57,835 [INFO] src.crawler.smzdm: 已抓取 360 个商品
2026-05-11 09:09:59,410 [INFO] src.crawler.smzdm: 第19页: 获取20个商品 (耗时0.7s)
2026-05-11 09:09:59,410 [INFO] src.crawler.smzdm: 已抓取 380 个商品
2026-05-11 09:10:01,385 [INFO] src.crawler.smzdm: 第20页: 获取20个商品 (耗时0.9s)
2026-05-11 09:10:01,386 [INFO] src.crawler.smzdm: 已抓取 400 个商品
2026-05-11 09:10:02,975 [INFO] src.crawler.smzdm: 第21页: 获取20个商品 (耗时0.7s)
2026-05-11 09:10:02,975 [INFO] src.crawler.smzdm: 已抓取 420 个商品
2026-05-11 09:10:04,529 [INFO] src.crawler.smzdm: 第22页: 获取20个商品 (耗时0.8s)
2026-05-11 09:10:04,529 [INFO] src.crawler.smzdm: 已抓取 440 个商品
2026-05-11 09:10:06,137 [INFO] src.crawler.smzdm: 第23页: 获取20个商品 (耗时1.1s)
2026-05-11 09:10:06,137 [INFO] src.crawler.smzdm: 已抓取 460 个商品
2026-05-11 09:10:08,048 [INFO] src.crawler.smzdm: 第24页: 获取20个商品 (耗时0.8s)
2026-05-11 09:10:08,048 [INFO] src.crawler.smzdm: 已抓取 480 个商品
2026-05-11 09:10:10,625 [INFO] src.crawler.smzdm: 第25页: 获取20个商品 (耗时1.1s)
2026-05-11 09:10:10,626 [INFO] src.crawler.smzdm: 已抓取 500 个商品
2026-05-11 09:10:12,220 [INFO] src.crawler.smzdm: 第26页: 获取20个商品 (耗时1.0s)
2026-05-11 09:10:12,220 [INFO] src.crawler.smzdm: 已抓取 520 个商品
2026-05-11 09:10:14,480 [INFO] src.crawler.smzdm: 第27页: 获取20个商品 (耗时1.0s)
2026-05-11 09:10:14,481 [INFO] src.crawler.smzdm: 已抓取 540 个商品
2026-05-11 09:10:16,006 [INFO] src.crawler.smzdm: 第28页: 获取20个商品 (耗时0.9s)
2026-05-11 09:10:16,006 [INFO] src.crawler.smzdm: 已抓取 560 个商品
2026-05-11 09:10:18,179 [INFO] src.crawler.smzdm: 第29页: 获取20个商品 (耗时1.0s)
2026-05-11 09:10:18,179 [INFO] src.crawler.smzdm: 已抓取 580 个商品
2026-05-11 09:10:20,661 [INFO] src.crawler.smzdm: 第30页: 获取20个商品 (耗时1.0s)
2026-05-11 09:10:20,661 [INFO] src.crawler.smzdm: 已抓取 600 个商品
2026-05-11 09:10:22,710 [INFO] src.crawler.smzdm: 第31页: 获取20个商品 (耗时0.7s)
2026-05-11 09:10:22,710 [INFO] src.crawler.smzdm: 已抓取 620 个商品
2026-05-11 09:10:25,062 [INFO] src.crawler.smzdm: 第32页: 获取20个商品 (耗时0.9s)
2026-05-11 09:10:25,063 [INFO] src.crawler.smzdm: 已抓取 640 个商品
2026-05-11 09:10:26,597 [INFO] src.crawler.smzdm: 第33页: 获取20个商品 (耗时0.7s)
2026-05-11 09:10:26,597 [INFO] src.crawler.smzdm: 已抓取 660 个商品
2026-05-11 09:10:28,671 [INFO] src.crawler.smzdm: 第34页: 获取20个商品 (耗时0.8s)
2026-05-11 09:10:28,671 [INFO] src.crawler.smzdm: 已抓取 680 个商品
2026-05-11 09:10:30,757 [INFO] src.crawler.smzdm: 第35页: 获取20个商品 (耗时0.7s)
2026-05-11 09:10:30,757 [INFO] src.crawler.smzdm: 已抓取 700 个商品
2026-05-11 09:10:32,384 [INFO] src.crawler.smzdm: 第36页: 获取20个商品 (耗时0.6s)
2026-05-11 09:10:32,384 [INFO] src.crawler.smzdm: 已抓取 720 个商品
2026-05-11 09:10:34,559 [INFO] src.crawler.smzdm: 第37页: 获取20个商品 (耗时0.8s)
2026-05-11 09:10:34,559 [INFO] src.crawler.smzdm: 已抓取 740 个商品
2026-05-11 09:10:36,130 [INFO] src.crawler.smzdm: 第38页: 获取20个商品 (耗时1.0s)
2026-05-11 09:10:36,130 [INFO] src.crawler.smzdm: 已抓取 760 个商品
2026-05-11 09:10:37,780 [INFO] src.crawler.smzdm: 第39页: 获取20个商品 (耗时0.9s)
2026-05-11 09:10:37,780 [INFO] src.crawler.smzdm: 已抓取 780 个商品
2026-05-11 09:10:39,671 [INFO] src.crawler.smzdm: 第40页: 获取20个商品 (耗时0.8s)
2026-05-11 09:10:39,671 [INFO] src.crawler.smzdm: 已抓取 800 个商品
2026-05-11 09:10:41,662 [INFO] src.crawler.smzdm: 第41页: 获取20个商品 (耗时1.3s)
2026-05-11 09:10:41,662 [INFO] src.crawler.smzdm: 已抓取 820 个商品
2026-05-11 09:10:45,467 [INFO] src.crawler.smzdm: 第42页: 获取20个商品 (耗时2.3s)
2026-05-11 09:10:45,468 [INFO] src.crawler.smzdm: 已抓取 840 个商品
2026-05-11 09:10:47,838 [INFO] src.crawler.smzdm: 第43页: 获取20个商品 (耗时1.6s)
2026-05-11 09:10:47,838 [INFO] src.crawler.smzdm: 已抓取 860 个商品
2026-05-11 09:10:50,168 [INFO] src.crawler.smzdm: 第44页: 获取20个商品 (耗时1.4s)
2026-05-11 09:10:50,168 [INFO] src.crawler.smzdm: 已抓取 880 个商品
2026-05-11 09:10:52,300 [INFO] src.crawler.smzdm: 第45页: 获取20个商品 (耗时1.3s)
2026-05-11 09:10:52,301 [INFO] src.crawler.smzdm: 已抓取 900 个商品
2026-05-11 09:10:54,609 [INFO] src.crawler.smzdm: 第46页: 获取20个商品 (耗时1.4s)
2026-05-11 09:10:54,609 [INFO] src.crawler.smzdm: 已抓取 920 个商品
2026-05-11 09:10:56,954 [INFO] src.crawler.smzdm: 第47页: 获取20个商品 (耗时1.3s)
2026-05-11 09:10:56,954 [INFO] src.crawler.smzdm: 已抓取 940 个商品
2026-05-11 09:11:02,965 [INFO] __main__: ==================================================
2026-05-11 09:11:02,965 [INFO] __main__: 开始什么值得买好价监控
2026-05-11 09:11:02,965 [INFO] __main__: ==================================================
2026-05-11 09:11:02,970 [INFO] __main__: 配置加载完成
2026-05-11 09:11:02,987 [INFO] __main__: 数据库初始化完成
2026-05-11 09:11:02,987 [INFO] __main__: 代理管理器初始化完成，可用代理: 0 个
2026-05-11 09:11:02,987 [INFO] __main__: 爬虫初始化完成
2026-05-11 09:11:02,987 [INFO] __main__: 评分器初始化完成
2026-05-11 09:11:02,987 [INFO] __main__: 通知器初始化完成
2026-05-11 09:11:02,987 [INFO] __main__: 开始抓取商品...
2026-05-11 09:11:04,114 [INFO] src.crawler.smzdm: 第1页: 获取20个商品 (耗时0.6s)
2026-05-11 09:11:04,114 [INFO] src.crawler.smzdm: 已抓取 20 个商品
2026-05-11 09:11:05,598 [INFO] src.crawler.smzdm: 第2页: 获取20个商品 (耗时0.5s)
2026-05-11 09:11:05,598 [INFO] src.crawler.smzdm: 已抓取 40 个商品
2026-05-11 09:11:07,198 [INFO] src.crawler.smzdm: 第3页: 获取20个商品 (耗时0.5s)
2026-05-11 09:11:07,198 [INFO] src.crawler.smzdm: 已抓取 60 个商品
2026-05-11 09:11:07,199 [INFO] __main__: 抓取完成，共 60 个商品
2026-05-11 09:11:07,199 [INFO] __main__: 开始过滤商品...
2026-05-11 09:11:07,199 [INFO] __main__: 过滤后剩余 28 个商品
2026-05-11 09:11:07,199 [INFO] __main__: 开始计算评分...
2026-05-11 09:11:07,304 [INFO] __main__: 筛选出 0 个高分商品
2026-05-11 09:11:07,304 [INFO] __main__: 首次运行，已记录基线数据，下次运行将开始评分
2026-05-11 09:11:07,305 [INFO] __main__: 已清理 30 天前的旧数据
2026-05-11 09:11:07,305 [INFO] __main__: ==================================================
2026-05-11 09:11:07,305 [INFO] __main__: 监控完成
2026-05-11 09:11:07,305 [INFO] __main__: ==================================================
2026-05-11 09:11:17,793 [INFO] __main__: ==================================================
2026-05-11 09:11:17,793 [INFO] __main__: 开始什么值得买好价监控
2026-05-11 09:11:17,793 [INFO] __main__: ==================================================
2026-05-11 09:11:17,797 [INFO] __main__: 配置加载完成
2026-05-11 09:11:17,798 [INFO] __main__: 数据库初始化完成
2026-05-11 09:11:17,798 [INFO] __main__: 代理管理器初始化完成，可用代理: 0 个
2026-05-11 09:11:17,798 [INFO] __main__: 爬虫初始化完成
2026-05-11 09:11:17,798 [INFO] __main__: 评分器初始化完成
2026-05-11 09:11:17,798 [INFO] __main__: 通知器初始化完成
2026-05-11 09:11:17,798 [INFO] __main__: 开始抓取商品...
2026-05-11 09:11:18,930 [INFO] src.crawler.smzdm: 第1页: 获取20个商品 (耗时0.1s)
2026-05-11 09:11:18,931 [INFO] src.crawler.smzdm: 已抓取 20 个商品
2026-05-11 09:11:20,680 [INFO] src.crawler.smzdm: 第2页: 获取20个商品 (耗时0.5s)
2026-05-11 09:11:20,681 [INFO] src.crawler.smzdm: 已抓取 40 个商品
2026-05-11 09:11:22,495 [INFO] src.crawler.smzdm: 第3页: 获取20个商品 (耗时0.6s)
2026-05-11 09:11:22,495 [INFO] src.crawler.smzdm: 已抓取 60 个商品
2026-05-11 09:11:22,495 [INFO] __main__: 抓取完成，共 60 个商品
2026-05-11 09:11:22,495 [INFO] __main__: 开始过滤商品...
2026-05-11 09:11:22,495 [INFO] __main__: 过滤后剩余 31 个商品
2026-05-11 09:11:22,495 [INFO] __main__: 开始计算评分...
2026-05-11 09:11:22,617 [INFO] __main__: 筛选出 0 个高分商品
2026-05-11 09:11:22,617 [INFO] __main__: 没有需要通知的商品
2026-05-11 09:11:22,618 [INFO] __main__: 已清理 30 天前的旧数据
2026-05-11 09:11:22,618 [INFO] __main__: ==================================================
2026-05-11 09:11:22,619 [INFO] __main__: 监控完成
2026-05-11 09:11:22,619 [INFO] __main__: ==================================================
2026-05-11 10:03:05,612 [INFO] __main__: ==================================================
2026-05-11 10:03:05,612 [INFO] __main__: 开始什么值得买好价监控
2026-05-11 10:03:05,612 [INFO] __main__: ==================================================
2026-05-11 10:03:05,616 [INFO] __main__: 配置加载完成
2026-05-11 10:03:05,617 [INFO] __main__: 数据库初始化完成
2026-05-11 10:03:05,617 [ERROR] __main__: 监控过程出错: 'Database' object has no attribute 'conn'
Traceback (most recent call last):
  File "/opt/data/home/smzdm-monitor/main.py", line 52, in run_monitor
    category_pref = get_category_pref(db)
  File "/opt/data/home/smzdm-monitor/src/scorer/preference.py", line 121, in get_category_pref
    _pref_instance = CategoryPreference(database)
  File "/opt/data/home/smzdm-monitor/src/scorer/preference.py", line 19, in __init__
    self._ensure_table()
    ~~~~~~~~~~~~~~~~~~^^
  File "/opt/data/home/smzdm-monitor/src/scorer/preference.py", line 23, in _ensure_table
    self.db.conn.execute('''
    ^^^^^^^^^^^^
AttributeError: 'Database' object has no attribute 'conn'
2026-05-11 10:03:29,131 [INFO] __main__: ==================================================
2026-05-11 10:03:29,131 [INFO] __main__: 开始什么值得买好价监控
2026-05-11 10:03:29,131 [INFO] __main__: ==================================================
2026-05-11 10:03:29,135 [INFO] __main__: 配置加载完成
2026-05-11 10:03:29,136 [INFO] __main__: 数据库初始化完成
2026-05-11 10:03:29,139 [INFO] __main__: 品类偏好初始化完成
2026-05-11 10:03:29,139 [INFO] __main__: 检查邮件反馈...
2026-05-11 10:03:29,139 [WARNING] src.feedback.parser: 邮件配置不完整，跳过反馈检查
2026-05-11 10:03:46,725 [INFO] src.proxy.manager: 获取到 0 个可用代理
2026-05-11 10:03:46,726 [INFO] __main__: 代理管理器初始化完成，可用代理: 0 个
2026-05-11 10:03:46,726 [INFO] __main__: 爬虫初始化完成
2026-05-11 10:03:46,726 [INFO] __main__: 评分器初始化完成
2026-05-11 10:03:46,726 [INFO] __main__: 通知器初始化完成
2026-05-11 10:03:46,726 [INFO] __main__: 开始抓取商品...
2026-05-11 10:03:48,820 [INFO] src.crawler.smzdm: 第1页: 获取20个商品 (耗时0.6s)
2026-05-11 10:03:48,820 [INFO] src.crawler.smzdm: 已抓取 20 个商品
2026-05-11 10:03:50,196 [INFO] src.crawler.smzdm: 第2页: 获取20个商品 (耗时0.5s)
2026-05-11 10:03:50,196 [INFO] src.crawler.smzdm: 已抓取 40 个商品
2026-05-11 10:03:51,621 [INFO] src.crawler.smzdm: 第3页: 获取20个商品 (耗时0.6s)
2026-05-11 10:03:51,621 [INFO] src.crawler.smzdm: 已抓取 60 个商品
2026-05-11 10:03:53,275 [INFO] src.crawler.smzdm: 第4页: 获取20个商品 (耗时0.5s)
2026-05-11 10:03:53,275 [INFO] src.crawler.smzdm: 已抓取 80 个商品
2026-05-11 10:03:54,565 [INFO] src.crawler.smzdm: 第5页: 获取20个商品 (耗时0.5s)
2026-05-11 10:03:54,566 [INFO] src.crawler.smzdm: 已抓取 100 个商品
2026-05-11 10:03:56,623 [INFO] src.crawler.smzdm: 第6页: 获取20个商品 (耗时0.6s)
2026-05-11 10:03:56,623 [INFO] src.crawler.smzdm: 已抓取 120 个商品
2026-05-11 10:03:58,454 [INFO] src.crawler.smzdm: 第7页: 获取20个商品 (耗时0.7s)
2026-05-11 10:03:58,455 [INFO] src.crawler.smzdm: 已抓取 140 个商品
2026-05-11 10:04:00,145 [INFO] src.crawler.smzdm: 第8页: 获取20个商品 (耗时0.5s)
2026-05-11 10:04:00,145 [INFO] src.crawler.smzdm: 已抓取 160 个商品
2026-05-11 10:04:01,663 [INFO] src.crawler.smzdm: 第9页: 获取20个商品 (耗时0.5s)
2026-05-11 10:04:01,663 [INFO] src.crawler.smzdm: 已抓取 180 个商品
2026-05-11 10:04:03,041 [INFO] src.crawler.smzdm: 第10页: 获取20个商品 (耗时0.6s)
2026-05-11 10:04:03,041 [INFO] src.crawler.smzdm: 已抓取 200 个商品
2026-05-11 10:04:05,217 [INFO] src.crawler.smzdm: 第11页: 获取20个商品 (耗时0.7s)
2026-05-11 10:04:05,217 [INFO] src.crawler.smzdm: 已抓取 220 个商品
2026-05-11 10:04:06,808 [INFO] src.crawler.smzdm: 第12页: 获取20个商品 (耗时0.7s)
2026-05-11 10:04:06,809 [INFO] src.crawler.smzdm: 已抓取 240 个商品
2026-05-11 10:04:08,704 [INFO] src.crawler.smzdm: 第13页: 获取20个商品 (耗时0.5s)
2026-05-11 10:04:08,705 [INFO] src.crawler.smzdm: 已抓取 260 个商品
2026-05-11 10:04:10,438 [INFO] src.crawler.smzdm: 第14页: 获取20个商品 (耗时0.8s)
2026-05-11 10:04:10,439 [INFO] src.crawler.smzdm: 已抓取 280 个商品
2026-05-11 10:04:11,884 [INFO] src.crawler.smzdm: 第15页: 获取20个商品 (耗时0.5s)
2026-05-11 10:04:11,885 [INFO] src.crawler.smzdm: 已抓取 300 个商品
2026-05-11 10:04:12,960 [INFO] src.crawler.smzdm: 第16页: 获取20个商品 (耗时0.5s)
2026-05-11 10:04:12,960 [INFO] src.crawler.smzdm: 已抓取 320 个商品
2026-05-11 10:04:14,695 [INFO] src.crawler.smzdm: 第17页: 获取20个商品 (耗时0.5s)
2026-05-11 10:04:14,695 [INFO] src.crawler.smzdm: 已抓取 340 个商品
2026-05-11 10:04:16,654 [INFO] src.crawler.smzdm: 第18页: 获取20个商品 (耗时0.5s)
2026-05-11 10:04:16,655 [INFO] src.crawler.smzdm: 已抓取 360 个商品
2026-05-11 10:04:18,417 [INFO] src.crawler.smzdm: 第19页: 获取20个商品 (耗时0.5s)
2026-05-11 10:04:18,417 [INFO] src.crawler.smzdm: 已抓取 380 个商品
2026-05-11 10:04:20,398 [INFO] src.crawler.smzdm: 第20页: 获取20个商品 (耗时0.5s)
2026-05-11 10:04:20,399 [INFO] src.crawler.smzdm: 已抓取 400 个商品
2026-05-11 10:04:21,701 [INFO] src.crawler.smzdm: 第21页: 获取20个商品 (耗时0.5s)
2026-05-11 10:04:21,701 [INFO] src.crawler.smzdm: 已抓取 420 个商品
2026-05-11 10:04:23,447 [INFO] src.crawler.smzdm: 第22页: 获取20个商品 (耗时0.5s)
2026-05-11 10:04:23,447 [INFO] src.crawler.smzdm: 已抓取 440 个商品
2026-05-11 10:04:25,347 [INFO] src.crawler.smzdm: 第23页: 获取20个商品 (耗时0.7s)
2026-05-11 10:04:25,348 [INFO] src.crawler.smzdm: 已抓取 460 个商品
2026-05-11 10:04:26,694 [INFO] src.crawler.smzdm: 第24页: 获取20个商品 (耗时0.5s)
2026-05-11 10:04:26,694 [INFO] src.crawler.smzdm: 已抓取 480 个商品
2026-05-11 10:04:27,892 [INFO] src.crawler.smzdm: 第25页: 获取20个商品 (耗时0.5s)
2026-05-11 10:04:27,892 [INFO] src.crawler.smzdm: 已抓取 500 个商品
2026-05-11 10:04:29,338 [INFO] src.crawler.smzdm: 第26页: 获取20个商品 (耗时0.5s)
2026-05-11 10:04:29,339 [INFO] src.crawler.smzdm: 已抓取 520 个商品
2026-05-11 10:04:31,364 [INFO] src.crawler.smzdm: 第27页: 获取20个商品 (耗时0.6s)
2026-05-11 10:04:31,365 [INFO] src.crawler.smzdm: 已抓取 540 个商品
2026-05-11 10:04:32,403 [INFO] src.crawler.smzdm: 第28页: 获取20个商品 (耗时0.5s)
2026-05-11 10:04:32,403 [INFO] src.crawler.smzdm: 已抓取 560 个商品
2026-05-11 10:04:34,440 [INFO] src.crawler.smzdm: 第29页: 获取20个商品 (耗时0.7s)
2026-05-11 10:04:34,441 [INFO] src.crawler.smzdm: 已抓取 580 个商品
2026-05-11 10:04:36,068 [INFO] src.crawler.smzdm: 第30页: 获取20个商品 (耗时0.6s)
2026-05-11 10:04:36,068 [INFO] src.crawler.smzdm: 已抓取 600 个商品
2026-05-11 10:04:37,509 [INFO] src.crawler.smzdm: 第31页: 获取20个商品 (耗时0.7s)
2026-05-11 10:04:37,509 [INFO] src.crawler.smzdm: 已抓取 620 个商品
2026-05-11 10:04:39,082 [INFO] src.crawler.smzdm: 第32页: 获取20个商品 (耗时0.5s)
2026-05-11 10:04:39,082 [INFO] src.crawler.smzdm: 已抓取 640 个商品
2026-05-11 10:04:40,285 [INFO] src.crawler.smzdm: 第33页: 获取20个商品 (耗时0.6s)
2026-05-11 10:04:40,285 [INFO] src.crawler.smzdm: 已抓取 660 个商品
2026-05-11 10:04:42,423 [INFO] src.crawler.smzdm: 第34页: 获取20个商品 (耗时0.8s)
2026-05-11 10:04:42,423 [INFO] src.crawler.smzdm: 已抓取 680 个商品
2026-05-11 10:04:44,235 [INFO] src.crawler.smzdm: 第35页: 获取20个商品 (耗时0.5s)
2026-05-11 10:04:44,236 [INFO] src.crawler.smzdm: 已抓取 700 个商品
2026-05-11 10:04:46,174 [INFO] src.crawler.smzdm: 第36页: 获取20个商品 (耗时0.7s)
2026-05-11 10:04:46,175 [INFO] src.crawler.smzdm: 已抓取 720 个商品
2026-05-11 10:04:47,853 [INFO] src.crawler.smzdm: 第37页: 获取20个商品 (耗时0.7s)
2026-05-11 10:04:47,853 [INFO] src.crawler.smzdm: 已抓取 740 个商品
2026-05-11 10:04:49,069 [INFO] src.crawler.smzdm: 第38页: 获取20个商品 (耗时0.5s)
2026-05-11 10:04:49,070 [INFO] src.crawler.smzdm: 已抓取 760 个商品
2026-05-11 10:04:50,697 [INFO] src.crawler.smzdm: 第39页: 获取20个商品 (耗时0.5s)
2026-05-11 10:04:50,697 [INFO] src.crawler.smzdm: 已抓取 780 个商品
2026-05-11 10:04:51,760 [INFO] src.crawler.smzdm: 第40页: 获取20个商品 (耗时0.6s)
2026-05-11 10:04:51,760 [INFO] src.crawler.smzdm: 已抓取 800 个商品
2026-05-11 10:04:52,899 [INFO] src.crawler.smzdm: 第41页: 获取20个商品 (耗时0.5s)
2026-05-11 10:04:52,900 [INFO] src.crawler.smzdm: 已抓取 820 个商品
2026-05-11 10:04:54,172 [INFO] src.crawler.smzdm: 第42页: 获取20个商品 (耗时0.7s)
2026-05-11 10:04:54,172 [INFO] src.crawler.smzdm: 已抓取 840 个商品
2026-05-11 10:04:56,302 [INFO] src.crawler.smzdm: 第43页: 获取20个商品 (耗时0.8s)
2026-05-11 10:04:56,302 [INFO] src.crawler.smzdm: 已抓取 860 个商品
2026-05-11 10:04:58,134 [INFO] src.crawler.smzdm: 第44页: 获取20个商品 (耗时0.6s)
2026-05-11 10:04:58,135 [INFO] src.crawler.smzdm: 已抓取 880 个商品
2026-05-11 10:04:59,977 [INFO] src.crawler.smzdm: 第45页: 获取20个商品 (耗时0.7s)
2026-05-11 10:04:59,977 [INFO] src.crawler.smzdm: 已抓取 900 个商品
2026-05-11 10:05:02,207 [INFO] src.crawler.smzdm: 第46页: 获取20个商品 (耗时0.8s)
2026-05-11 10:05:02,207 [INFO] src.crawler.smzdm: 已抓取 920 个商品
2026-05-11 10:05:03,357 [INFO] src.crawler.smzdm: 第47页: 获取20个商品 (耗时0.5s)
2026-05-11 10:05:03,357 [INFO] src.crawler.smzdm: 已抓取 940 个商品
2026-05-11 10:05:04,733 [INFO] src.crawler.smzdm: 第48页: 获取20个商品 (耗时0.5s)
2026-05-11 10:05:04,734 [INFO] src.crawler.smzdm: 已抓取 960 个商品
2026-05-11 10:05:06,544 [INFO] src.crawler.smzdm: 第49页: 获取20个商品 (耗时0.7s)
2026-05-11 10:05:06,544 [INFO] src.crawler.smzdm: 已抓取 980 个商品
2026-05-11 10:05:08,150 [INFO] src.crawler.smzdm: 第50页: 获取20个商品 (耗时0.6s)
2026-05-11 10:05:08,150 [INFO] src.crawler.smzdm: 已抓取 1000 个商品
2026-05-11 10:05:08,150 [INFO] __main__: 抓取完成，共 1000 个商品
2026-05-11 10:05:08,165 [INFO] __main__: 品类标签完成
2026-05-11 10:05:08,165 [INFO] __main__: 开始过滤商品...
2026-05-11 10:05:08,166 [INFO] __main__: 过滤后剩余 955 个商品
2026-05-11 10:05:08,166 [INFO] __main__: 开始计算评分...
2026-05-11 10:05:11,668 [INFO] __main__: 筛选出 0 个高分商品
2026-05-11 10:05:11,669 [INFO] __main__: 首次运行，已记录基线数据，下次运行将开始评分
2026-05-11 10:05:11,670 [INFO] __main__: 已清理 30 天前的旧数据
2026-05-11 10:05:11,670 [INFO] __main__: ==================================================
2026-05-11 10:05:11,670 [INFO] __main__: 监控完成
2026-05-11 10:05:11,671 [INFO] __main__: ==================================================
2026-05-11 10:05:15,075 [INFO] __main__: ==================================================
2026-05-11 10:05:15,075 [INFO] __main__: 开始什么值得买好价监控
2026-05-11 10:05:15,075 [INFO] __main__: ==================================================
2026-05-11 10:05:15,079 [INFO] __main__: 配置加载完成
2026-05-11 10:05:15,079 [INFO] __main__: 数据库初始化完成
2026-05-11 10:05:15,080 [INFO] __main__: 品类偏好初始化完成
2026-05-11 10:05:15,080 [INFO] __main__: 检查邮件反馈...
2026-05-11 10:05:15,080 [WARNING] src.feedback.parser: 邮件配置不完整，跳过反馈检查
2026-05-11 10:05:32,864 [INFO] src.proxy.manager: 获取到 0 个可用代理
2026-05-11 10:05:32,864 [INFO] __main__: 代理管理器初始化完成，可用代理: 0 个
2026-05-11 10:05:32,864 [INFO] __main__: 爬虫初始化完成
2026-05-11 10:05:32,865 [INFO] __main__: 评分器初始化完成
2026-05-11 10:05:32,865 [INFO] __main__: 通知器初始化完成
2026-05-11 10:05:32,865 [INFO] __main__: 开始抓取商品...
2026-05-11 10:05:34,235 [INFO] src.crawler.smzdm: 第1页: 获取20个商品 (耗时0.5s)
2026-05-11 10:05:34,235 [INFO] src.crawler.smzdm: 已抓取 20 个商品
2026-05-11 10:05:36,217 [INFO] src.crawler.smzdm: 第2页: 获取20个商品 (耗时0.5s)
2026-05-11 10:05:36,217 [INFO] src.crawler.smzdm: 已抓取 40 个商品
2026-05-11 10:05:37,743 [INFO] src.crawler.smzdm: 第3页: 获取20个商品 (耗时0.5s)
2026-05-11 10:05:37,743 [INFO] src.crawler.smzdm: 已抓取 60 个商品
2026-05-11 10:05:38,907 [INFO] src.crawler.smzdm: 第4页: 获取20个商品 (耗时0.5s)
2026-05-11 10:05:38,907 [INFO] src.crawler.smzdm: 已抓取 80 个商品
2026-05-11 10:05:40,031 [INFO] src.crawler.smzdm: 第5页: 获取20个商品 (耗时0.5s)
2026-05-11 10:05:40,031 [INFO] src.crawler.smzdm: 已抓取 100 个商品
2026-05-11 10:05:41,742 [INFO] src.crawler.smzdm: 第6页: 获取20个商品 (耗时0.5s)
2026-05-11 10:05:41,743 [INFO] src.crawler.smzdm: 已抓取 120 个商品
2026-05-11 10:05:43,786 [INFO] src.crawler.smzdm: 第7页: 获取20个商品 (耗时0.5s)
2026-05-11 10:05:43,786 [INFO] src.crawler.smzdm: 已抓取 140 个商品
2026-05-11 10:05:45,321 [INFO] src.crawler.smzdm: 第8页: 获取20个商品 (耗时0.5s)
2026-05-11 10:05:45,322 [INFO] src.crawler.smzdm: 已抓取 160 个商品
2026-05-11 10:05:46,444 [INFO] src.crawler.smzdm: 第9页: 获取20个商品 (耗时0.5s)
2026-05-11 10:05:46,444 [INFO] src.crawler.smzdm: 已抓取 180 个商品
2026-05-11 10:05:48,654 [INFO] src.crawler.smzdm: 第10页: 获取20个商品 (耗时0.7s)
2026-05-11 10:05:48,654 [INFO] src.crawler.smzdm: 已抓取 200 个商品
2026-05-11 10:05:50,127 [INFO] src.crawler.smzdm: 第11页: 获取20个商品 (耗时0.5s)
2026-05-11 10:05:50,127 [INFO] src.crawler.smzdm: 已抓取 220 个商品
2026-05-11 10:05:51,267 [INFO] src.crawler.smzdm: 第12页: 获取20个商品 (耗时0.5s)
2026-05-11 10:05:51,267 [INFO] src.crawler.smzdm: 已抓取 240 个商品
2026-05-11 10:05:52,919 [INFO] src.crawler.smzdm: 第13页: 获取20个商品 (耗时0.7s)
2026-05-11 10:05:52,920 [INFO] src.crawler.smzdm: 已抓取 260 个商品
2026-05-11 10:05:54,444 [INFO] src.crawler.smzdm: 第14页: 获取20个商品 (耗时0.6s)
2026-05-11 10:05:54,445 [INFO] src.crawler.smzdm: 已抓取 280 个商品
2026-05-11 10:05:55,756 [INFO] src.crawler.smzdm: 第15页: 获取20个商品 (耗时0.5s)
2026-05-11 10:05:55,757 [INFO] src.crawler.smzdm: 已抓取 300 个商品
2026-05-11 10:05:57,531 [INFO] src.crawler.smzdm: 第16页: 获取20个商品 (耗时0.5s)
2026-05-11 10:05:57,532 [INFO] src.crawler.smzdm: 已抓取 320 个商品
2026-05-11 10:05:58,826 [INFO] src.crawler.smzdm: 第17页: 获取20个商品 (耗时0.5s)
2026-05-11 10:05:58,826 [INFO] src.crawler.smzdm: 已抓取 340 个商品
2026-05-11 10:06:00,100 [INFO] src.crawler.smzdm: 第18页: 获取20个商品 (耗时0.5s)
2026-05-11 10:06:00,100 [INFO] src.crawler.smzdm: 已抓取 360 个商品
2026-05-11 10:06:02,114 [INFO] src.crawler.smzdm: 第19页: 获取20个商品 (耗时0.5s)
2026-05-11 10:06:02,114 [INFO] src.crawler.smzdm: 已抓取 380 个商品
2026-05-11 10:06:03,160 [INFO] src.crawler.smzdm: 第20页: 获取20个商品 (耗时0.5s)
2026-05-11 10:06:03,161 [INFO] src.crawler.smzdm: 已抓取 400 个商品
2026-05-11 10:06:05,276 [INFO] src.crawler.smzdm: 第21页: 获取20个商品 (耗时0.8s)
2026-05-11 10:06:05,276 [INFO] src.crawler.smzdm: 已抓取 420 个商品
2026-05-11 10:06:06,951 [INFO] src.crawler.smzdm: 第22页: 获取20个商品 (耗时0.5s)
2026-05-11 10:06:06,951 [INFO] src.crawler.smzdm: 已抓取 440 个商品
2026-05-11 10:06:08,944 [INFO] src.crawler.smzdm: 第23页: 获取20个商品 (耗时0.5s)
2026-05-11 10:06:08,944 [INFO] src.crawler.smzdm: 已抓取 460 个商品
2026-05-11 10:06:10,623 [INFO] src.crawler.smzdm: 第24页: 获取20个商品 (耗时0.7s)
2026-05-11 10:06:10,624 [INFO] src.crawler.smzdm: 已抓取 480 个商品
2026-05-11 10:06:12,317 [INFO] src.crawler.smzdm: 第25页: 获取20个商品 (耗时0.7s)
2026-05-11 10:06:12,317 [INFO] src.crawler.smzdm: 已抓取 500 个商品
2026-05-11 10:06:14,298 [INFO] src.crawler.smzdm: 第26页: 获取20个商品 (耗时0.5s)
2026-05-11 10:06:14,298 [INFO] src.crawler.smzdm: 已抓取 520 个商品
2026-05-11 10:06:15,875 [INFO] src.crawler.smzdm: 第27页: 获取20个商品 (耗时0.5s)
2026-05-11 10:06:15,876 [INFO] src.crawler.smzdm: 已抓取 540 个商品
2026-05-11 10:06:17,562 [INFO] src.crawler.smzdm: 第28页: 获取20个商品 (耗时0.5s)
2026-05-11 10:06:17,563 [INFO] src.crawler.smzdm: 已抓取 560 个商品
2026-05-11 10:06:19,497 [INFO] src.crawler.smzdm: 第29页: 获取20个商品 (耗时0.5s)
2026-05-11 10:06:19,498 [INFO] src.crawler.smzdm: 已抓取 580 个商品
2026-05-11 10:06:21,434 [INFO] src.crawler.smzdm: 第30页: 获取20个商品 (耗时0.5s)
2026-05-11 10:06:21,435 [INFO] src.crawler.smzdm: 已抓取 600 个商品
2026-05-11 10:06:22,639 [INFO] src.crawler.smzdm: 第31页: 获取20个商品 (耗时0.5s)
2026-05-11 10:06:22,639 [INFO] src.crawler.smzdm: 已抓取 620 个商品
2026-05-11 10:06:23,870 [INFO] src.crawler.smzdm: 第32页: 获取20个商品 (耗时0.5s)
2026-05-11 10:06:23,871 [INFO] src.crawler.smzdm: 已抓取 640 个商品
2026-05-11 10:06:25,751 [INFO] src.crawler.smzdm: 第33页: 获取20个商品 (耗时0.5s)
2026-05-11 10:06:25,752 [INFO] src.crawler.smzdm: 已抓取 660 个商品
2026-05-11 10:06:27,051 [INFO] src.crawler.smzdm: 第34页: 获取20个商品 (耗时0.5s)
2026-05-11 10:06:27,052 [INFO] src.crawler.smzdm: 已抓取 680 个商品
2026-05-11 10:06:28,292 [INFO] src.crawler.smzdm: 第35页: 获取20个商品 (耗时0.5s)
2026-05-11 10:06:28,293 [INFO] src.crawler.smzdm: 已抓取 700 个商品
2026-05-11 10:06:29,466 [INFO] src.crawler.smzdm: 第36页: 获取20个商品 (耗时0.5s)
2026-05-11 10:06:29,467 [INFO] src.crawler.smzdm: 已抓取 720 个商品
2026-05-11 10:06:31,254 [INFO] src.crawler.smzdm: 第37页: 获取20个商品 (耗时0.8s)
2026-05-11 10:06:31,255 [INFO] src.crawler.smzdm: 已抓取 740 个商品
2026-05-11 10:06:32,426 [INFO] src.crawler.smzdm: 第38页: 获取20个商品 (耗时0.5s)
2026-05-11 10:06:32,426 [INFO] src.crawler.smzdm: 已抓取 760 个商品
2026-05-11 10:06:34,257 [INFO] src.crawler.smzdm: 第39页: 获取20个商品 (耗时0.5s)
2026-05-11 10:06:34,257 [INFO] src.crawler.smzdm: 已抓取 780 个商品
2026-05-11 10:06:36,142 [INFO] src.crawler.smzdm: 第40页: 获取20个商品 (耗时0.5s)
2026-05-11 10:06:36,142 [INFO] src.crawler.smzdm: 已抓取 800 个商品
2026-05-11 10:06:37,553 [INFO] src.crawler.smzdm: 第41页: 获取20个商品 (耗时0.7s)
2026-05-11 10:06:37,554 [INFO] src.crawler.smzdm: 已抓取 820 个商品
2026-05-11 10:06:39,153 [INFO] src.crawler.smzdm: 第42页: 获取20个商品 (耗时0.5s)
2026-05-11 10:06:39,154 [INFO] src.crawler.smzdm: 已抓取 840 个商品
2026-05-11 10:06:41,015 [INFO] src.crawler.smzdm: 第43页: 获取20个商品 (耗时0.7s)
2026-05-11 10:06:41,016 [INFO] src.crawler.smzdm: 已抓取 860 个商品
2026-05-11 10:06:42,620 [INFO] src.crawler.smzdm: 第44页: 获取20个商品 (耗时0.5s)
2026-05-11 10:06:42,620 [INFO] src.crawler.smzdm: 已抓取 880 个商品
2026-05-11 10:06:44,293 [INFO] src.crawler.smzdm: 第45页: 获取20个商品 (耗时0.5s)
2026-05-11 10:06:44,294 [INFO] src.crawler.smzdm: 已抓取 900 个商品
2026-05-11 10:06:45,934 [INFO] src.crawler.smzdm: 第46页: 获取20个商品 (耗时0.5s)
2026-05-11 10:06:45,935 [INFO] src.crawler.smzdm: 已抓取 920 个商品
2026-05-11 10:06:47,740 [INFO] src.crawler.smzdm: 第47页: 获取20个商品 (耗时0.6s)
2026-05-11 10:06:47,740 [INFO] src.crawler.smzdm: 已抓取 940 个商品
2026-05-11 10:27:06,484 [INFO] __main__: ==================================================
2026-05-11 10:27:06,484 [INFO] __main__: 开始什么值得买好价监控
2026-05-11 10:27:06,484 [INFO] __main__: ==================================================
2026-05-11 10:27:06,489 [INFO] __main__: 配置加载完成
2026-05-11 10:27:06,489 [INFO] __main__: 数据库初始化完成
2026-05-11 10:27:06,490 [INFO] __main__: 品类偏好初始化完成
2026-05-11 10:27:06,490 [INFO] __main__: 检查邮件反馈...
2026-05-11 10:27:06,490 [ERROR] src.feedback.parser: 邮件配置不完整，跳过反馈检查
2026-05-11 10:27:19,668 [INFO] src.proxy.manager: 获取到 0 个可用代理
2026-05-11 10:27:19,668 [INFO] __main__: 代理管理器初始化完成，可用代理: 0 个
2026-05-11 10:27:19,669 [INFO] __main__: 爬虫初始化完成
2026-05-11 10:27:19,669 [INFO] __main__: 评分器初始化完成
2026-05-11 10:27:19,669 [INFO] __main__: 通知器初始化完成
2026-05-11 10:27:19,669 [INFO] __main__: 开始抓取商品...
2026-05-11 10:27:20,905 [INFO] src.crawler.smzdm: 第1页: 获取20个商品 (耗时0.6s)
2026-05-11 10:27:20,906 [INFO] src.crawler.smzdm: 已抓取 20 个商品
2026-05-11 10:27:22,346 [INFO] src.crawler.smzdm: 第2页: 获取20个商品 (耗时0.5s)
2026-05-11 10:27:22,347 [INFO] src.crawler.smzdm: 已抓取 40 个商品
2026-05-11 10:27:24,212 [INFO] src.crawler.smzdm: 第3页: 获取20个商品 (耗时0.5s)
2026-05-11 10:27:24,213 [INFO] src.crawler.smzdm: 已抓取 60 个商品
2026-05-11 10:27:26,132 [INFO] src.crawler.smzdm: 第4页: 获取20个商品 (耗时0.6s)
2026-05-11 10:27:26,133 [INFO] src.crawler.smzdm: 已抓取 80 个商品
2026-05-11 10:27:27,498 [INFO] src.crawler.smzdm: 第5页: 获取20个商品 (耗时0.5s)
2026-05-11 10:27:27,498 [INFO] src.crawler.smzdm: 已抓取 100 个商品
2026-05-11 10:27:29,660 [INFO] src.crawler.smzdm: 第6页: 获取20个商品 (耗时0.7s)
2026-05-11 10:27:29,660 [INFO] src.crawler.smzdm: 已抓取 120 个商品
2026-05-11 10:27:31,292 [INFO] src.crawler.smzdm: 第7页: 获取20个商品 (耗时0.5s)
2026-05-11 10:27:31,292 [INFO] src.crawler.smzdm: 已抓取 140 个商品
2026-05-11 10:27:33,316 [INFO] src.crawler.smzdm: 第8页: 获取20个商品 (耗时0.6s)
2026-05-11 10:27:33,316 [INFO] src.crawler.smzdm: 已抓取 160 个商品
2026-05-11 10:27:34,764 [INFO] src.crawler.smzdm: 第9页: 获取20个商品 (耗时0.7s)
2026-05-11 10:27:34,765 [INFO] src.crawler.smzdm: 已抓取 180 个商品
2026-05-11 10:27:36,300 [INFO] src.crawler.smzdm: 第10页: 获取20个商品 (耗时0.5s)
2026-05-11 10:27:36,301 [INFO] src.crawler.smzdm: 已抓取 200 个商品
2026-05-11 10:27:38,246 [INFO] src.crawler.smzdm: 第11页: 获取20个商品 (耗时0.8s)
2026-05-11 10:27:38,246 [INFO] src.crawler.smzdm: 已抓取 220 个商品
2026-05-11 10:27:40,014 [INFO] src.crawler.smzdm: 第12页: 获取20个商品 (耗时0.5s)
2026-05-11 10:27:40,014 [INFO] src.crawler.smzdm: 已抓取 240 个商品
2026-05-11 10:27:41,855 [INFO] src.crawler.smzdm: 第13页: 获取20个商品 (耗时0.5s)
2026-05-11 10:27:41,855 [INFO] src.crawler.smzdm: 已抓取 260 个商品
2026-05-11 10:27:43,461 [INFO] src.crawler.smzdm: 第14页: 获取20个商品 (耗时0.5s)
2026-05-11 10:27:43,461 [INFO] src.crawler.smzdm: 已抓取 280 个商品
2026-05-11 10:27:44,797 [INFO] src.crawler.smzdm: 第15页: 获取20个商品 (耗时0.6s)
2026-05-11 10:27:44,797 [INFO] src.crawler.smzdm: 已抓取 300 个商品
2026-05-11 10:27:46,859 [INFO] src.crawler.smzdm: 第16页: 获取20个商品 (耗时0.7s)
2026-05-11 10:27:46,859 [INFO] src.crawler.smzdm: 已抓取 320 个商品
2026-05-11 10:27:48,585 [INFO] src.crawler.smzdm: 第17页: 获取20个商品 (耗时0.5s)
2026-05-11 10:27:48,585 [INFO] src.crawler.smzdm: 已抓取 340 个商品
2026-05-11 10:27:50,474 [INFO] src.crawler.smzdm: 第18页: 获取20个商品 (耗时0.5s)
2026-05-11 10:27:50,474 [INFO] src.crawler.smzdm: 已抓取 360 个商品
2026-05-11 10:27:52,485 [INFO] src.crawler.smzdm: 第19页: 获取20个商品 (耗时0.7s)
2026-05-11 10:27:52,485 [INFO] src.crawler.smzdm: 已抓取 380 个商品
2026-05-11 10:27:53,734 [INFO] src.crawler.smzdm: 第20页: 获取20个商品 (耗时0.5s)
2026-05-11 10:27:53,734 [INFO] src.crawler.smzdm: 已抓取 400 个商品
2026-05-11 10:27:54,853 [INFO] src.crawler.smzdm: 第21页: 获取20个商品 (耗时0.5s)
2026-05-11 10:27:54,853 [INFO] src.crawler.smzdm: 已抓取 420 个商品
2026-05-11 10:27:56,585 [INFO] src.crawler.smzdm: 第22页: 获取20个商品 (耗时0.6s)
2026-05-11 10:27:56,586 [INFO] src.crawler.smzdm: 已抓取 440 个商品
2026-05-11 10:27:58,476 [INFO] src.crawler.smzdm: 第23页: 获取20个商品 (耗时0.5s)
2026-05-11 10:27:58,476 [INFO] src.crawler.smzdm: 已抓取 460 个商品
2026-05-11 10:28:00,156 [INFO] src.crawler.smzdm: 第24页: 获取20个商品 (耗时0.6s)
2026-05-11 10:28:00,156 [INFO] src.crawler.smzdm: 已抓取 480 个商品
2026-05-11 10:28:02,022 [INFO] src.crawler.smzdm: 第25页: 获取20个商品 (耗时0.5s)
2026-05-11 10:28:02,023 [INFO] src.crawler.smzdm: 已抓取 500 个商品
2026-05-11 10:28:03,680 [INFO] src.crawler.smzdm: 第26页: 获取20个商品 (耗时0.5s)
2026-05-11 10:28:03,681 [INFO] src.crawler.smzdm: 已抓取 520 个商品
2026-05-11 10:28:05,340 [INFO] src.crawler.smzdm: 第27页: 获取20个商品 (耗时0.5s)
2026-05-11 10:28:05,340 [INFO] src.crawler.smzdm: 已抓取 540 个商品
2026-05-11 10:28:14,701 [INFO] __main__: ==================================================
2026-05-11 10:28:14,701 [INFO] __main__: 开始什么值得买好价监控
2026-05-11 10:28:14,702 [INFO] __main__: ==================================================
2026-05-11 10:28:14,705 [INFO] __main__: 配置加载完成
2026-05-11 10:28:14,706 [INFO] __main__: 数据库初始化完成
2026-05-11 10:28:14,706 [INFO] __main__: 品类偏好初始化完成
2026-05-11 10:28:14,706 [INFO] __main__: 检查邮件反馈...
2026-05-11 10:28:14,706 [ERROR] src.feedback.parser: 邮件配置不完整，跳过反馈检查
2026-05-11 10:28:29,216 [INFO] src.proxy.manager: 获取到 0 个可用代理
2026-05-11 10:28:29,216 [INFO] __main__: 代理管理器初始化完成，可用代理: 0 个
2026-05-11 10:28:29,216 [INFO] __main__: 爬虫初始化完成
2026-05-11 10:28:29,217 [INFO] __main__: 评分器初始化完成
2026-05-11 10:28:29,217 [INFO] __main__: 通知器初始化完成
2026-05-11 10:28:29,217 [INFO] __main__: 开始抓取商品...
2026-05-11 10:28:31,230 [INFO] src.crawler.smzdm: 第1页: 获取20个商品 (耗时0.6s)
2026-05-11 10:28:31,230 [INFO] src.crawler.smzdm: 已抓取 20 个商品
2026-05-11 10:28:32,537 [INFO] src.crawler.smzdm: 第2页: 获取20个商品 (耗时0.0s)
2026-05-11 10:28:32,537 [INFO] src.crawler.smzdm: 已抓取 40 个商品
2026-05-11 10:28:33,714 [INFO] src.crawler.smzdm: 第3页: 获取20个商品 (耗时0.6s)
2026-05-11 10:28:33,714 [INFO] src.crawler.smzdm: 已抓取 60 个商品
2026-05-11 10:28:36,292 [INFO] src.crawler.smzdm: 第4页: 获取20个商品 (耗时1.1s)
2026-05-11 10:28:36,292 [INFO] src.crawler.smzdm: 已抓取 80 个商品
2026-05-11 10:28:38,110 [INFO] src.crawler.smzdm: 第5页: 获取20个商品 (耗时0.5s)
2026-05-11 10:28:38,111 [INFO] src.crawler.smzdm: 已抓取 100 个商品
2026-05-11 10:28:38,903 [INFO] src.crawler.smzdm: 第6页: 获取20个商品 (耗时0.0s)
2026-05-11 10:28:38,903 [INFO] src.crawler.smzdm: 已抓取 120 个商品
2026-05-11 10:28:40,270 [INFO] src.crawler.smzdm: 第7页: 获取20个商品 (耗时0.7s)
2026-05-11 10:28:40,271 [INFO] src.crawler.smzdm: 已抓取 140 个商品
2026-05-11 10:28:41,962 [INFO] src.crawler.smzdm: 第8页: 获取20个商品 (耗时0.5s)
2026-05-11 10:28:41,962 [INFO] src.crawler.smzdm: 已抓取 160 个商品
2026-05-11 10:28:43,440 [INFO] src.crawler.smzdm: 第9页: 获取20个商品 (耗时0.5s)
2026-05-11 10:28:43,441 [INFO] src.crawler.smzdm: 已抓取 180 个商品
2026-05-11 10:28:44,966 [INFO] src.crawler.smzdm: 第10页: 获取20个商品 (耗时0.5s)
2026-05-11 10:28:44,966 [INFO] src.crawler.smzdm: 已抓取 200 个商品
2026-05-11 10:28:46,066 [INFO] src.crawler.smzdm: 第11页: 获取20个商品 (耗时0.0s)
2026-05-11 10:28:46,066 [INFO] src.crawler.smzdm: 已抓取 220 个商品
2026-05-11 10:28:47,259 [INFO] src.crawler.smzdm: 第12页: 获取20个商品 (耗时0.5s)
2026-05-11 10:28:47,259 [INFO] src.crawler.smzdm: 已抓取 240 个商品
2026-05-11 10:28:48,639 [INFO] src.crawler.smzdm: 第13页: 获取20个商品 (耗时0.6s)
2026-05-11 10:28:48,639 [INFO] src.crawler.smzdm: 已抓取 260 个商品
2026-05-11 10:28:50,124 [INFO] src.crawler.smzdm: 第14页: 获取20个商品 (耗时0.5s)
2026-05-11 10:28:50,124 [INFO] src.crawler.smzdm: 已抓取 280 个商品
2026-05-11 10:28:51,842 [INFO] src.crawler.smzdm: 第15页: 获取20个商品 (耗时0.6s)
2026-05-11 10:28:51,842 [INFO] src.crawler.smzdm: 已抓取 300 个商品
2026-05-11 10:28:52,959 [INFO] src.crawler.smzdm: 第16页: 获取20个商品 (耗时0.6s)
2026-05-11 10:28:52,960 [INFO] src.crawler.smzdm: 已抓取 320 个商品
2026-05-11 10:28:54,490 [INFO] src.crawler.smzdm: 第17页: 获取20个商品 (耗时0.8s)
2026-05-11 10:28:54,491 [INFO] src.crawler.smzdm: 已抓取 340 个商品
2026-05-11 10:28:55,989 [INFO] src.crawler.smzdm: 第18页: 获取20个商品 (耗时0.0s)
2026-05-11 10:28:55,989 [INFO] src.crawler.smzdm: 已抓取 360 个商品
2026-05-11 10:28:57,094 [INFO] src.crawler.smzdm: 第19页: 获取20个商品 (耗时0.5s)
2026-05-11 10:28:57,094 [INFO] src.crawler.smzdm: 已抓取 380 个商品
2026-05-11 10:28:58,640 [INFO] src.crawler.smzdm: 第20页: 获取20个商品 (耗时0.5s)
2026-05-11 10:28:58,640 [INFO] src.crawler.smzdm: 已抓取 400 个商品
2026-05-11 10:28:59,800 [INFO] src.crawler.smzdm: 第21页: 获取20个商品 (耗时0.5s)
2026-05-11 10:28:59,801 [INFO] src.crawler.smzdm: 已抓取 420 个商品
2026-05-11 10:29:01,093 [INFO] src.crawler.smzdm: 第22页: 获取20个商品 (耗时0.5s)
2026-05-11 10:29:01,093 [INFO] src.crawler.smzdm: 已抓取 440 个商品
2026-05-11 10:29:02,227 [INFO] src.crawler.smzdm: 第23页: 获取20个商品 (耗时0.6s)
2026-05-11 10:29:02,227 [INFO] src.crawler.smzdm: 已抓取 460 个商品
2026-05-11 10:29:03,754 [INFO] src.crawler.smzdm: 第24页: 获取20个商品 (耗时0.5s)
2026-05-11 10:29:03,755 [INFO] src.crawler.smzdm: 已抓取 480 个商品
2026-05-11 10:29:05,503 [INFO] src.crawler.smzdm: 第25页: 获取20个商品 (耗时0.6s)
2026-05-11 10:29:05,504 [INFO] src.crawler.smzdm: 已抓取 500 个商品
2026-05-11 10:29:06,731 [INFO] src.crawler.smzdm: 第26页: 获取20个商品 (耗时0.5s)
2026-05-11 10:29:06,731 [INFO] src.crawler.smzdm: 已抓取 520 个商品
2026-05-11 10:29:08,715 [INFO] src.crawler.smzdm: 第27页: 获取20个商品 (耗时0.5s)
2026-05-11 10:29:08,715 [INFO] src.crawler.smzdm: 已抓取 540 个商品
2026-05-11 10:29:10,378 [INFO] src.crawler.smzdm: 第28页: 获取20个商品 (耗时0.5s)
2026-05-11 10:29:10,379 [INFO] src.crawler.smzdm: 已抓取 560 个商品
2026-05-11 10:29:12,396 [INFO] src.crawler.smzdm: 第29页: 获取20个商品 (耗时0.5s)
2026-05-11 10:29:12,396 [INFO] src.crawler.smzdm: 已抓取 580 个商品
2026-05-11 10:29:13,803 [INFO] src.crawler.smzdm: 第30页: 获取20个商品 (耗时0.5s)
2026-05-11 10:29:13,803 [INFO] src.crawler.smzdm: 已抓取 600 个商品
2026-05-11 10:29:15,462 [INFO] src.crawler.smzdm: 第31页: 获取20个商品 (耗时0.5s)
2026-05-11 10:29:15,462 [INFO] src.crawler.smzdm: 已抓取 620 个商品
2026-05-11 10:29:16,789 [INFO] src.crawler.smzdm: 第32页: 获取20个商品 (耗时0.8s)
2026-05-11 10:29:16,789 [INFO] src.crawler.smzdm: 已抓取 640 个商品
2026-05-11 10:29:18,094 [INFO] src.crawler.smzdm: 第33页: 获取20个商品 (耗时0.5s)
2026-05-11 10:29:18,094 [INFO] src.crawler.smzdm: 已抓取 660 个商品
2026-05-11 10:29:19,611 [INFO] src.crawler.smzdm: 第34页: 获取20个商品 (耗时0.8s)
2026-05-11 10:29:19,612 [INFO] src.crawler.smzdm: 已抓取 680 个商品
2026-05-11 10:29:21,022 [INFO] src.crawler.smzdm: 第35页: 获取20个商品 (耗时0.7s)
2026-05-11 10:29:21,022 [INFO] src.crawler.smzdm: 已抓取 700 个商品
2026-05-11 10:29:23,087 [INFO] src.crawler.smzdm: 第36页: 获取20个商品 (耗时0.8s)
2026-05-11 10:29:23,088 [INFO] src.crawler.smzdm: 已抓取 720 个商品
2026-05-11 10:29:24,170 [INFO] src.crawler.smzdm: 第37页: 获取20个商品 (耗时0.5s)
2026-05-11 10:29:24,170 [INFO] src.crawler.smzdm: 已抓取 740 个商品
2026-05-11 10:29:25,293 [INFO] src.crawler.smzdm: 第38页: 获取20个商品 (耗时0.5s)
2026-05-11 10:29:25,293 [INFO] src.crawler.smzdm: 已抓取 760 个商品
2026-05-11 10:29:26,796 [INFO] src.crawler.smzdm: 第39页: 获取20个商品 (耗时0.6s)
2026-05-11 10:29:26,797 [INFO] src.crawler.smzdm: 已抓取 780 个商品
2026-05-11 10:29:28,221 [INFO] src.crawler.smzdm: 第40页: 获取20个商品 (耗时0.7s)
2026-05-11 10:29:28,221 [INFO] src.crawler.smzdm: 已抓取 800 个商品
2026-05-11 10:29:30,281 [INFO] src.crawler.smzdm: 第41页: 获取20个商品 (耗时0.6s)
2026-05-11 10:29:30,281 [INFO] src.crawler.smzdm: 已抓取 820 个商品
2026-05-11 10:29:31,529 [INFO] src.crawler.smzdm: 第42页: 获取20个商品 (耗时0.6s)
2026-05-11 10:29:31,529 [INFO] src.crawler.smzdm: 已抓取 840 个商品
2026-05-11 10:29:32,966 [INFO] src.crawler.smzdm: 第43页: 获取20个商品 (耗时0.6s)
2026-05-11 10:29:32,967 [INFO] src.crawler.smzdm: 已抓取 860 个商品
2026-05-11 10:29:34,092 [INFO] src.crawler.smzdm: 第44页: 获取20个商品 (耗时0.6s)
2026-05-11 10:29:34,094 [INFO] src.crawler.smzdm: 已抓取 880 个商品
2026-05-11 10:29:36,085 [INFO] src.crawler.smzdm: 第45页: 获取20个商品 (耗时0.5s)
2026-05-11 10:29:36,085 [INFO] src.crawler.smzdm: 已抓取 900 个商品
2026-05-11 10:29:38,169 [INFO] src.crawler.smzdm: 第46页: 获取20个商品 (耗时0.8s)
2026-05-11 10:29:38,169 [INFO] src.crawler.smzdm: 已抓取 920 个商品
2026-05-11 10:29:39,513 [INFO] src.crawler.smzdm: 第47页: 获取20个商品 (耗时0.5s)
2026-05-11 10:29:39,514 [INFO] src.crawler.smzdm: 已抓取 940 个商品
2026-05-11 10:29:40,799 [INFO] src.crawler.smzdm: 第48页: 获取20个商品 (耗时0.6s)
2026-05-11 10:29:40,799 [INFO] src.crawler.smzdm: 已抓取 960 个商品
2026-05-11 10:29:42,208 [INFO] src.crawler.smzdm: 第49页: 获取20个商品 (耗时0.6s)
2026-05-11 10:29:42,209 [INFO] src.crawler.smzdm: 已抓取 980 个商品
2026-05-11 10:29:43,616 [INFO] src.crawler.smzdm: 第50页: 获取20个商品 (耗时0.6s)
2026-05-11 10:29:43,616 [INFO] src.crawler.smzdm: 已抓取 1000 个商品
2026-05-11 10:29:43,616 [INFO] __main__: 抓取完成，共 1000 个商品
2026-05-11 10:29:43,631 [INFO] __main__: 品类标签完成
2026-05-11 10:29:43,631 [INFO] __main__: 开始过滤商品...
2026-05-11 10:29:43,633 [INFO] __main__: 过滤后剩余 973 个商品
2026-05-11 10:29:43,633 [INFO] __main__: 开始计算评分...
2026-05-11 10:29:43,634 [ERROR] __main__: 监控过程出错: table products has no column named category
Traceback (most recent call last):
  File "/opt/data/home/smzdm-monitor/main.py", line 126, in run_monitor
    db.save_product(product)
    ~~~~~~~~~~~~~~~^^^^^^^^^
  File "/opt/data/home/smzdm-monitor/src/storage/database.py", line 132, in save_product
    cursor.execute('''
    ~~~~~~~~~~~~~~^^^^
        INSERT OR REPLACE INTO products
        ^^^^^^^^^^^^^^^^^^^^^^^^^^^^^^^
    ...<14 lines>...
        product.get('category', '')
        ^^^^^^^^^^^^^^^^^^^^^^^^^^^
    ))
    ^^
sqlite3.OperationalError: table products has no column named category
2026-05-11 10:30:09,069 [INFO] __main__: ==================================================
2026-05-11 10:30:09,069 [INFO] __main__: 开始什么值得买好价监控
2026-05-11 10:30:09,069 [INFO] __main__: ==================================================
2026-05-11 10:30:09,073 [INFO] __main__: 配置加载完成
2026-05-11 10:30:09,076 [INFO] __main__: 数据库初始化完成
2026-05-11 10:30:09,076 [INFO] __main__: 品类偏好初始化完成
2026-05-11 10:30:09,076 [INFO] __main__: 检查邮件反馈...
2026-05-11 10:30:09,077 [ERROR] src.feedback.parser: 邮件配置不完整，跳过反馈检查
2026-05-11 10:30:21,612 [INFO] src.proxy.manager: 获取到 0 个可用代理
2026-05-11 10:30:21,612 [INFO] __main__: 代理管理器初始化完成，可用代理: 0 个
2026-05-11 10:30:21,612 [INFO] __main__: 爬虫初始化完成
2026-05-11 10:30:21,612 [INFO] __main__: 评分器初始化完成
2026-05-11 10:30:21,613 [INFO] __main__: 通知器初始化完成
2026-05-11 10:30:21,613 [INFO] __main__: 开始抓取商品...
2026-05-11 10:30:23,333 [INFO] src.crawler.smzdm: 第1页: 获取20个商品 (耗时0.7s)
2026-05-11 10:30:23,333 [INFO] src.crawler.smzdm: 已抓取 20 个商品
2026-05-11 10:30:24,636 [INFO] src.crawler.smzdm: 第2页: 获取20个商品 (耗时0.6s)
2026-05-11 10:30:24,636 [INFO] src.crawler.smzdm: 已抓取 40 个商品
2026-05-11 10:30:26,145 [INFO] src.crawler.smzdm: 第3页: 获取20个商品 (耗时0.6s)
2026-05-11 10:30:26,146 [INFO] src.crawler.smzdm: 已抓取 60 个商品
2026-05-11 10:30:27,717 [INFO] src.crawler.smzdm: 第4页: 获取20个商品 (耗时0.8s)
2026-05-11 10:30:27,717 [INFO] src.crawler.smzdm: 已抓取 80 个商品
2026-05-11 10:30:29,229 [INFO] src.crawler.smzdm: 第5页: 获取20个商品 (耗时0.8s)
2026-05-11 10:30:29,230 [INFO] src.crawler.smzdm: 已抓取 100 个商品
2026-05-11 10:30:31,223 [INFO] src.crawler.smzdm: 第6页: 获取20个商品 (耗时0.7s)
2026-05-11 10:30:31,224 [INFO] src.crawler.smzdm: 已抓取 120 个商品
2026-05-11 10:30:32,651 [INFO] src.crawler.smzdm: 第7页: 获取20个商品 (耗时0.6s)
2026-05-11 10:30:32,652 [INFO] src.crawler.smzdm: 已抓取 140 个商品
2026-05-11 10:30:34,985 [INFO] src.crawler.smzdm: 第8页: 获取20个商品 (耗时0.9s)
2026-05-11 10:30:34,986 [INFO] src.crawler.smzdm: 已抓取 160 个商品
2026-05-11 10:30:36,889 [INFO] src.crawler.smzdm: 第9页: 获取20个商品 (耗时0.6s)
2026-05-11 10:30:36,889 [INFO] src.crawler.smzdm: 已抓取 180 个商品
2026-05-11 10:30:37,951 [INFO] src.crawler.smzdm: 第10页: 获取20个商品 (耗时0.5s)
2026-05-11 10:30:37,951 [INFO] src.crawler.smzdm: 已抓取 200 个商品
2026-05-11 10:30:39,312 [INFO] src.crawler.smzdm: 第11页: 获取20个商品 (耗时0.7s)
2026-05-11 10:30:39,312 [INFO] src.crawler.smzdm: 已抓取 220 个商品
2026-05-11 10:30:40,507 [INFO] src.crawler.smzdm: 第12页: 获取20个商品 (耗时0.6s)
2026-05-11 10:30:40,507 [INFO] src.crawler.smzdm: 已抓取 240 个商品
2026-05-11 10:30:42,116 [INFO] src.crawler.smzdm: 第13页: 获取20个商品 (耗时0.6s)
2026-05-11 10:30:42,116 [INFO] src.crawler.smzdm: 已抓取 260 个商品
2026-05-11 10:30:43,275 [INFO] src.crawler.smzdm: 第14页: 获取20个商品 (耗时0.5s)
2026-05-11 10:30:43,275 [INFO] src.crawler.smzdm: 已抓取 280 个商品
2026-05-11 10:30:44,682 [INFO] src.crawler.smzdm: 第15页: 获取20个商品 (耗时0.5s)
2026-05-11 10:30:44,682 [INFO] src.crawler.smzdm: 已抓取 300 个商品
2026-05-11 10:30:46,086 [INFO] src.crawler.smzdm: 第16页: 获取20个商品 (耗时0.5s)
2026-05-11 10:30:46,086 [INFO] src.crawler.smzdm: 已抓取 320 个商品
2026-05-11 10:30:48,072 [INFO] src.crawler.smzdm: 第17页: 获取20个商品 (耗时0.5s)
2026-05-11 10:30:48,072 [INFO] src.crawler.smzdm: 已抓取 340 个商品
2026-05-11 10:30:49,285 [INFO] src.crawler.smzdm: 第18页: 获取20个商品 (耗时0.7s)
2026-05-11 10:30:49,286 [INFO] src.crawler.smzdm: 已抓取 360 个商品
2026-05-11 10:30:50,990 [INFO] src.crawler.smzdm: 第19页: 获取20个商品 (耗时0.7s)
2026-05-11 10:30:50,990 [INFO] src.crawler.smzdm: 已抓取 380 个商品
2026-05-11 10:30:52,737 [INFO] src.crawler.smzdm: 第20页: 获取20个商品 (耗时0.8s)
2026-05-11 10:30:52,737 [INFO] src.crawler.smzdm: 已抓取 400 个商品
2026-05-11 10:30:53,892 [INFO] src.crawler.smzdm: 第21页: 获取20个商品 (耗时0.5s)
2026-05-11 10:30:53,892 [INFO] src.crawler.smzdm: 已抓取 420 个商品
2026-05-11 10:30:55,319 [INFO] src.crawler.smzdm: 第22页: 获取20个商品 (耗时0.5s)
2026-05-11 10:30:55,319 [INFO] src.crawler.smzdm: 已抓取 440 个商品
2026-05-11 10:30:57,994 [INFO] src.crawler.smzdm: 第23页: 获取20个商品 (耗时1.3s)
2026-05-11 10:30:57,994 [INFO] src.crawler.smzdm: 已抓取 460 个商品
2026-05-11 10:31:00,007 [INFO] src.crawler.smzdm: 第24页: 获取20个商品 (耗时0.5s)
2026-05-11 10:31:00,007 [INFO] src.crawler.smzdm: 已抓取 480 个商品
2026-05-11 10:31:01,736 [INFO] src.crawler.smzdm: 第25页: 获取20个商品 (耗时0.6s)
2026-05-11 10:31:01,736 [INFO] src.crawler.smzdm: 已抓取 500 个商品
2026-05-11 10:31:03,565 [INFO] src.crawler.smzdm: 第26页: 获取20个商品 (耗时0.7s)
2026-05-11 10:31:03,565 [INFO] src.crawler.smzdm: 已抓取 520 个商品
2026-05-11 10:31:05,539 [INFO] src.crawler.smzdm: 第27页: 获取20个商品 (耗时0.7s)
2026-05-11 10:31:05,540 [INFO] src.crawler.smzdm: 已抓取 540 个商品
2026-05-11 10:31:06,990 [INFO] src.crawler.smzdm: 第28页: 获取20个商品 (耗时0.5s)
2026-05-11 10:31:06,991 [INFO] src.crawler.smzdm: 已抓取 560 个商品
2026-05-11 10:31:08,130 [INFO] src.crawler.smzdm: 第29页: 获取20个商品 (耗时0.5s)
2026-05-11 10:31:08,130 [INFO] src.crawler.smzdm: 已抓取 580 个商品
2026-05-11 10:31:09,905 [INFO] src.crawler.smzdm: 第30页: 获取20个商品 (耗时0.7s)
2026-05-11 10:31:09,905 [INFO] src.crawler.smzdm: 已抓取 600 个商品
2026-05-11 10:31:11,373 [INFO] src.crawler.smzdm: 第31页: 获取20个商品 (耗时0.5s)
2026-05-11 10:31:11,373 [INFO] src.crawler.smzdm: 已抓取 620 个商品
2026-05-11 10:31:13,477 [INFO] src.crawler.smzdm: 第32页: 获取20个商品 (耗时0.7s)
2026-05-11 10:31:13,477 [INFO] src.crawler.smzdm: 已抓取 640 个商品
2026-05-11 10:31:15,285 [INFO] src.crawler.smzdm: 第33页: 获取20个商品 (耗时0.5s)
2026-05-11 10:31:15,285 [INFO] src.crawler.smzdm: 已抓取 660 个商品
2026-05-11 10:31:17,071 [INFO] src.crawler.smzdm: 第34页: 获取20个商品 (耗时0.6s)
2026-05-11 10:31:17,071 [INFO] src.crawler.smzdm: 已抓取 680 个商品
2026-05-11 10:31:18,668 [INFO] src.crawler.smzdm: 第35页: 获取20个商品 (耗时0.5s)
2026-05-11 10:31:18,668 [INFO] src.crawler.smzdm: 已抓取 700 个商品
2026-05-11 10:31:19,972 [INFO] src.crawler.smzdm: 第36页: 获取20个商品 (耗时0.5s)
2026-05-11 10:31:19,972 [INFO] src.crawler.smzdm: 已抓取 720 个商品
2026-05-11 10:31:21,906 [INFO] src.crawler.smzdm: 第37页: 获取20个商品 (耗时0.5s)
2026-05-11 10:31:21,907 [INFO] src.crawler.smzdm: 已抓取 740 个商品
2026-05-11 10:31:23,361 [INFO] src.crawler.smzdm: 第38页: 获取20个商品 (耗时0.8s)
2026-05-11 10:31:23,362 [INFO] src.crawler.smzdm: 已抓取 760 个商品
2026-05-11 10:31:25,437 [INFO] src.crawler.smzdm: 第39页: 获取20个商品 (耗时0.8s)
2026-05-11 10:31:25,438 [INFO] src.crawler.smzdm: 已抓取 780 个商品
2026-05-11 10:31:27,017 [INFO] src.crawler.smzdm: 第40页: 获取20个商品 (耗时0.7s)
2026-05-11 10:31:27,017 [INFO] src.crawler.smzdm: 已抓取 800 个商品
2026-05-11 10:31:28,594 [INFO] src.crawler.smzdm: 第41页: 获取20个商品 (耗时0.6s)
2026-05-11 10:31:28,594 [INFO] src.crawler.smzdm: 已抓取 820 个商品
2026-05-11 10:31:29,823 [INFO] src.crawler.smzdm: 第42页: 获取20个商品 (耗时0.6s)
2026-05-11 10:31:29,823 [INFO] src.crawler.smzdm: 已抓取 840 个商品
2026-05-11 10:31:31,392 [INFO] src.crawler.smzdm: 第43页: 获取20个商品 (耗时0.7s)
2026-05-11 10:31:31,393 [INFO] src.crawler.smzdm: 已抓取 860 个商品
2026-05-11 10:31:33,225 [INFO] src.crawler.smzdm: 第44页: 获取20个商品 (耗时0.6s)
2026-05-11 10:31:33,226 [INFO] src.crawler.smzdm: 已抓取 880 个商品
2026-05-11 10:31:34,520 [INFO] src.crawler.smzdm: 第45页: 获取20个商品 (耗时0.6s)
2026-05-11 10:31:34,520 [INFO] src.crawler.smzdm: 已抓取 900 个商品
2026-05-11 10:31:36,449 [INFO] src.crawler.smzdm: 第46页: 获取20个商品 (耗时0.5s)
2026-05-11 10:31:36,450 [INFO] src.crawler.smzdm: 已抓取 920 个商品
2026-05-11 10:31:38,642 [INFO] src.crawler.smzdm: 第47页: 获取20个商品 (耗时0.7s)
2026-05-11 10:31:38,642 [INFO] src.crawler.smzdm: 已抓取 940 个商品
2026-05-11 10:31:40,207 [INFO] src.crawler.smzdm: 第48页: 获取20个商品 (耗时0.8s)
2026-05-11 10:31:40,208 [INFO] src.crawler.smzdm: 已抓取 960 个商品
2026-05-11 10:31:42,247 [INFO] src.crawler.smzdm: 第49页: 获取20个商品 (耗时0.6s)
2026-05-11 10:31:42,247 [INFO] src.crawler.smzdm: 已抓取 980 个商品
2026-05-11 10:31:44,261 [INFO] src.crawler.smzdm: 第50页: 获取20个商品 (耗时0.8s)
2026-05-11 10:31:44,261 [INFO] src.crawler.smzdm: 已抓取 1000 个商品
2026-05-11 10:31:44,261 [INFO] __main__: 抓取完成，共 1000 个商品
2026-05-11 10:31:44,274 [INFO] __main__: 品类标签完成
2026-05-11 10:31:44,274 [INFO] __main__: 开始过滤商品...
2026-05-11 10:31:44,275 [INFO] __main__: 过滤后剩余 970 个商品
2026-05-11 10:31:44,275 [INFO] __main__: 开始计算评分...
2026-05-11 10:31:48,001 [INFO] __main__: 筛选出 0 个高分商品
2026-05-11 10:31:48,001 [INFO] __main__: 首次运行，已记录基线数据，下次运行将开始评分
2026-05-11 10:31:48,003 [INFO] __main__: 已清理 30 天前的旧数据
2026-05-11 10:31:48,003 [INFO] __main__: ==================================================
2026-05-11 10:31:48,003 [INFO] __main__: 监控完成
2026-05-11 10:31:48,003 [INFO] __main__: ==================================================
2026-05-11 10:32:32,542 [INFO] __main__: ==================================================
2026-05-11 10:32:32,542 [INFO] __main__: 开始什么值得买好价监控
2026-05-11 10:32:32,543 [INFO] __main__: ==================================================
2026-05-11 10:32:32,546 [INFO] __main__: 配置加载完成
2026-05-11 10:32:32,547 [INFO] __main__: 数据库初始化完成
2026-05-11 10:32:32,547 [INFO] __main__: 品类偏好初始化完成
2026-05-11 10:32:32,547 [INFO] __main__: 检查邮件反馈...
2026-05-11 10:32:44,872 [INFO] src.feedback.parser: 解析到 3 条反馈
2026-05-11 10:32:45,247 [INFO] src.feedback.parser: 解析到 3 条反馈
2026-05-11 10:32:45,247 [INFO] src.feedback.parser: 解析到 5 条设置
2026-05-11 10:32:45,302 [INFO] src.feedback.parser: 记录反馈: 400001 -> helpful (None)
2026-05-11 10:32:45,306 [INFO] src.feedback.parser: 记录反馈: 400003 -> helpful (None)
2026-05-11 10:32:45,312 [INFO] src.feedback.parser: 记录反馈: 400002 -> not_helpful (None)
2026-05-11 10:32:45,316 [INFO] src.feedback.parser: 记录反馈: 500001 -> helpful (None)
2026-05-11 10:32:45,319 [INFO] src.feedback.parser: 记录反馈: 500002 -> helpful (None)
2026-05-11 10:32:45,323 [INFO] src.feedback.parser: 记录反馈: 500003 -> not_helpful (None)
2026-05-11 10:32:45,326 [INFO] src.scorer.preference: 手动设置偏好: 母婴 = -100
2026-05-11 10:32:45,326 [INFO] src.feedback.parser: 更新偏好: 母婴 = -100
2026-05-11 10:32:45,329 [INFO] src.scorer.preference: 手动设置偏好: 数码 = 50
2026-05-11 10:32:45,330 [INFO] src.feedback.parser: 更新偏好: 数码 = 50
2026-05-11 10:32:45,333 [INFO] src.scorer.preference: 手动设置偏好: 零食 = 0
2026-05-11 10:32:45,333 [INFO] src.feedback.parser: 更新偏好: 零食 = 0
2026-05-11 10:32:45,334 [INFO] src.scorer.preference: 手动设置偏好: 母婴 = -100
2026-05-11 10:32:45,334 [INFO] src.feedback.parser: 更新偏好: 母婴 = -100
2026-05-11 10:32:45,336 [INFO] src.scorer.preference: 手动设置偏好: 数码 = 30
2026-05-11 10:32:45,336 [INFO] src.feedback.parser: 更新偏好: 数码 = 30
2026-05-11 10:32:45,337 [INFO] __main__: 收到 6 条反馈
2026-05-11 10:32:58,090 [INFO] src.proxy.manager: 获取到 0 个可用代理
2026-05-11 10:32:58,092 [INFO] __main__: 代理管理器初始化完成，可用代理: 0 个
2026-05-11 10:32:58,092 [INFO] __main__: 爬虫初始化完成
2026-05-11 10:32:58,092 [INFO] __main__: 评分器初始化完成
2026-05-11 10:32:58,092 [INFO] __main__: 通知器初始化完成
2026-05-11 10:32:58,092 [INFO] __main__: 开始抓取商品...
2026-05-11 10:32:59,863 [INFO] src.crawler.smzdm: 第1页: 获取20个商品 (耗时0.8s)
2026-05-11 10:32:59,863 [INFO] src.crawler.smzdm: 已抓取 20 个商品
2026-05-11 10:33:01,464 [INFO] src.crawler.smzdm: 第2页: 获取20个商品 (耗时0.6s)
2026-05-11 10:33:01,464 [INFO] src.crawler.smzdm: 已抓取 40 个商品
2026-05-11 10:33:03,093 [INFO] src.crawler.smzdm: 第3页: 获取20个商品 (耗时0.6s)
2026-05-11 10:33:03,093 [INFO] src.crawler.smzdm: 已抓取 60 个商品
2026-05-11 10:33:04,625 [INFO] src.crawler.smzdm: 第4页: 获取20个商品 (耗时0.6s)
2026-05-11 10:33:04,625 [INFO] src.crawler.smzdm: 已抓取 80 个商品
2026-05-11 10:33:06,813 [INFO] src.crawler.smzdm: 第5页: 获取20个商品 (耗时0.7s)
2026-05-11 10:33:06,814 [INFO] src.crawler.smzdm: 已抓取 100 个商品
2026-05-11 10:33:07,894 [INFO] src.crawler.smzdm: 第6页: 获取20个商品 (耗时0.6s)
2026-05-11 10:33:07,895 [INFO] src.crawler.smzdm: 已抓取 120 个商品
2026-05-11 10:33:09,522 [INFO] src.crawler.smzdm: 第7页: 获取20个商品 (耗时0.6s)
2026-05-11 10:33:09,523 [INFO] src.crawler.smzdm: 已抓取 140 个商品
2026-05-11 10:33:11,467 [INFO] src.crawler.smzdm: 第8页: 获取20个商品 (耗时0.6s)
2026-05-11 10:33:11,467 [INFO] src.crawler.smzdm: 已抓取 160 个商品
2026-05-11 10:33:13,177 [INFO] src.crawler.smzdm: 第9页: 获取20个商品 (耗时0.8s)
2026-05-11 10:33:13,177 [INFO] src.crawler.smzdm: 已抓取 180 个商品
2026-05-11 10:33:14,885 [INFO] src.crawler.smzdm: 第10页: 获取20个商品 (耗时0.6s)
2026-05-11 10:33:14,885 [INFO] src.crawler.smzdm: 已抓取 200 个商品
2026-05-11 10:33:16,456 [INFO] src.crawler.smzdm: 第11页: 获取20个商品 (耗时0.8s)
2026-05-11 10:33:16,456 [INFO] src.crawler.smzdm: 已抓取 220 个商品
2026-05-11 10:33:18,116 [INFO] src.crawler.smzdm: 第12页: 获取20个商品 (耗时0.8s)
2026-05-11 10:33:18,116 [INFO] src.crawler.smzdm: 已抓取 240 个商品
2026-05-11 10:33:19,458 [INFO] src.crawler.smzdm: 第13页: 获取20个商品 (耗时0.6s)
2026-05-11 10:33:19,458 [INFO] src.crawler.smzdm: 已抓取 260 个商品
2026-05-11 10:33:20,761 [INFO] src.crawler.smzdm: 第14页: 获取20个商品 (耗时0.7s)
2026-05-11 10:33:20,761 [INFO] src.crawler.smzdm: 已抓取 280 个商品
2026-05-11 10:33:22,578 [INFO] src.crawler.smzdm: 第15页: 获取20个商品 (耗时0.5s)
2026-05-11 10:33:22,579 [INFO] src.crawler.smzdm: 已抓取 300 个商品
2026-05-11 10:33:23,666 [INFO] src.crawler.smzdm: 第16页: 获取20个商品 (耗时0.6s)
2026-05-11 10:33:23,666 [INFO] src.crawler.smzdm: 已抓取 320 个商品
2026-05-11 10:33:25,053 [INFO] src.crawler.smzdm: 第17页: 获取20个商品 (耗时0.6s)
2026-05-11 10:33:25,053 [INFO] src.crawler.smzdm: 已抓取 340 个商品
2026-05-11 10:33:26,613 [INFO] src.crawler.smzdm: 第18页: 获取20个商品 (耗时0.6s)
2026-05-11 10:33:26,614 [INFO] src.crawler.smzdm: 已抓取 360 个商品
2026-05-11 10:33:27,718 [INFO] src.crawler.smzdm: 第19页: 获取20个商品 (耗时0.6s)
2026-05-11 10:33:27,718 [INFO] src.crawler.smzdm: 已抓取 380 个商品
2026-05-11 10:33:29,219 [INFO] src.crawler.smzdm: 第20页: 获取20个商品 (耗时0.5s)
2026-05-11 10:33:29,219 [INFO] src.crawler.smzdm: 已抓取 400 个商品
2026-05-11 10:33:30,367 [INFO] src.crawler.smzdm: 第21页: 获取20个商品 (耗时0.5s)
2026-05-11 10:33:30,367 [INFO] src.crawler.smzdm: 已抓取 420 个商品
2026-05-11 10:33:31,823 [INFO] src.crawler.smzdm: 第22页: 获取20个商品 (耗时0.8s)
2026-05-11 10:33:31,823 [INFO] src.crawler.smzdm: 已抓取 440 个商品
2026-05-11 10:33:33,400 [INFO] src.crawler.smzdm: 第23页: 获取20个商品 (耗时0.5s)
2026-05-11 10:33:33,400 [INFO] src.crawler.smzdm: 已抓取 460 个商品
2026-05-11 10:33:35,308 [INFO] src.crawler.smzdm: 第24页: 获取20个商品 (耗时0.8s)
2026-05-11 10:33:35,309 [INFO] src.crawler.smzdm: 已抓取 480 个商品
2026-05-11 10:33:36,757 [INFO] src.crawler.smzdm: 第25页: 获取20个商品 (耗时0.5s)
2026-05-11 10:33:36,757 [INFO] src.crawler.smzdm: 已抓取 500 个商品
2026-05-11 10:33:39,027 [INFO] src.crawler.smzdm: 第26页: 获取20个商品 (耗时0.8s)
2026-05-11 10:33:39,028 [INFO] src.crawler.smzdm: 已抓取 520 个商品
2026-05-11 10:33:40,092 [INFO] src.crawler.smzdm: 第27页: 获取20个商品 (耗时0.6s)
2026-05-11 10:33:40,093 [INFO] src.crawler.smzdm: 已抓取 540 个商品
2026-05-11 10:33:41,458 [INFO] src.crawler.smzdm: 第28页: 获取20个商品 (耗时0.6s)
2026-05-11 10:33:41,459 [INFO] src.crawler.smzdm: 已抓取 560 个商品
2026-05-11 10:33:43,001 [INFO] src.crawler.smzdm: 第29页: 获取20个商品 (耗时0.5s)
2026-05-11 10:33:43,001 [INFO] src.crawler.smzdm: 已抓取 580 个商品
2026-05-11 10:33:44,696 [INFO] src.crawler.smzdm: 第30页: 获取20个商品 (耗时0.8s)
2026-05-11 10:33:44,697 [INFO] src.crawler.smzdm: 已抓取 600 个商品
2026-05-11 10:33:46,102 [INFO] src.crawler.smzdm: 第31页: 获取20个商品 (耗时0.7s)
2026-05-11 10:33:46,102 [INFO] src.crawler.smzdm: 已抓取 620 个商品
2026-05-11 10:33:47,872 [INFO] src.crawler.smzdm: 第32页: 获取20个商品 (耗时0.9s)
2026-05-11 10:33:47,873 [INFO] src.crawler.smzdm: 已抓取 640 个商品
2026-05-11 10:33:49,098 [INFO] src.crawler.smzdm: 第33页: 获取20个商品 (耗时0.6s)
2026-05-11 10:33:49,099 [INFO] src.crawler.smzdm: 已抓取 660 个商品
2026-05-11 10:33:50,360 [INFO] src.crawler.smzdm: 第34页: 获取20个商品 (耗时0.6s)
2026-05-11 10:33:50,360 [INFO] src.crawler.smzdm: 已抓取 680 个商品
2026-05-11 10:33:52,069 [INFO] src.crawler.smzdm: 第35页: 获取20个商品 (耗时0.8s)
2026-05-11 10:33:52,069 [INFO] src.crawler.smzdm: 已抓取 700 个商品
2026-05-11 10:33:53,796 [INFO] src.crawler.smzdm: 第36页: 获取20个商品 (耗时0.5s)
2026-05-11 10:33:53,796 [INFO] src.crawler.smzdm: 已抓取 720 个商品
2026-05-11 10:33:55,162 [INFO] src.crawler.smzdm: 第37页: 获取20个商品 (耗时0.8s)
2026-05-11 10:33:55,162 [INFO] src.crawler.smzdm: 已抓取 740 个商品
2026-05-11 10:33:57,132 [INFO] src.crawler.smzdm: 第38页: 获取20个商品 (耗时0.6s)
2026-05-11 10:33:57,132 [INFO] src.crawler.smzdm: 已抓取 760 个商品
2026-05-11 10:33:58,972 [INFO] src.crawler.smzdm: 第39页: 获取20个商品 (耗时0.6s)
2026-05-11 10:33:58,973 [INFO] src.crawler.smzdm: 已抓取 780 个商品
2026-05-11 10:34:00,070 [INFO] src.crawler.smzdm: 第40页: 获取20个商品 (耗时0.6s)
2026-05-11 10:34:00,071 [INFO] src.crawler.smzdm: 已抓取 800 个商品
2026-05-11 10:34:01,931 [INFO] src.crawler.smzdm: 第41页: 获取20个商品 (耗时0.5s)
2026-05-11 10:34:01,932 [INFO] src.crawler.smzdm: 已抓取 820 个商品
2026-05-11 10:34:04,172 [INFO] src.crawler.smzdm: 第42页: 获取20个商品 (耗时0.8s)
2026-05-11 10:34:04,172 [INFO] src.crawler.smzdm: 已抓取 840 个商品
2026-05-11 10:34:06,216 [INFO] src.crawler.smzdm: 第43页: 获取20个商品 (耗时0.5s)
2026-05-11 10:34:06,217 [INFO] src.crawler.smzdm: 已抓取 860 个商品
2026-05-11 10:34:08,191 [INFO] src.crawler.smzdm: 第44页: 获取20个商品 (耗时0.8s)
2026-05-11 10:34:08,191 [INFO] src.crawler.smzdm: 已抓取 880 个商品
2026-05-11 10:34:10,114 [INFO] src.crawler.smzdm: 第45页: 获取20个商品 (耗时0.6s)
2026-05-11 10:34:10,114 [INFO] src.crawler.smzdm: 已抓取 900 个商品
2026-05-11 10:34:12,132 [INFO] src.crawler.smzdm: 第46页: 获取20个商品 (耗时0.6s)
2026-05-11 10:34:12,133 [INFO] src.crawler.smzdm: 已抓取 920 个商品
2026-05-11 10:34:13,590 [INFO] src.crawler.smzdm: 第47页: 获取20个商品 (耗时0.5s)
2026-05-11 10:34:13,591 [INFO] src.crawler.smzdm: 已抓取 940 个商品
2026-05-11 10:34:14,977 [INFO] src.crawler.smzdm: 第48页: 获取20个商品 (耗时0.5s)
2026-05-11 10:34:14,977 [INFO] src.crawler.smzdm: 已抓取 960 个商品
2026-05-11 10:34:16,379 [INFO] src.crawler.smzdm: 第49页: 获取20个商品 (耗时0.6s)
2026-05-11 10:34:16,380 [INFO] src.crawler.smzdm: 已抓取 980 个商品
2026-05-11 10:34:18,570 [INFO] src.crawler.smzdm: 第50页: 获取20个商品 (耗时0.7s)
2026-05-11 10:34:18,571 [INFO] src.crawler.smzdm: 已抓取 1000 个商品
2026-05-11 10:34:18,571 [INFO] __main__: 抓取完成，共 1000 个商品
2026-05-11 10:34:18,587 [INFO] __main__: 品类标签完成
2026-05-11 10:34:18,587 [INFO] __main__: 开始过滤商品...
2026-05-11 10:34:18,588 [INFO] __main__: 过滤后剩余 962 个商品
2026-05-11 10:34:18,588 [INFO] __main__: 开始计算评分...
2026-05-11 10:34:22,565 [INFO] __main__: 筛选出 0 个高分商品
2026-05-11 10:34:22,565 [INFO] __main__: 没有需要通知的商品
2026-05-11 10:34:22,567 [INFO] __main__: 已清理 30 天前的旧数据
2026-05-11 10:34:22,567 [INFO] __main__: ==================================================
2026-05-11 10:34:22,567 [INFO] __main__: 监控完成
2026-05-11 10:34:22,567 [INFO] __main__: ==================================================
2026-05-11 10:35:10,294 [INFO] __main__: ==================================================
2026-05-11 10:35:10,294 [INFO] __main__: 开始什么值得买好价监控
2026-05-11 10:35:10,294 [INFO] __main__: ==================================================
2026-05-11 10:35:10,298 [INFO] __main__: 配置加载完成
2026-05-11 10:35:10,298 [INFO] __main__: 数据库初始化完成
2026-05-11 10:35:10,298 [ERROR] __main__: 监控过程出错: 'Database' object has no attribute 'conn'
Traceback (most recent call last):
  File "/opt/data/home/smzdm-monitor/main.py", line 52, in run_monitor
    category_pref = get_category_pref(db)
  File "/opt/data/home/smzdm-monitor/src/scorer/preference.py", line 121, in get_category_pref
    _pref_instance = CategoryPreference(database)
  File "/opt/data/home/smzdm-monitor/src/scorer/preference.py", line 19, in __init__
    self._ensure_table()
    ~~~~~~~~~~~~~~~~~~^^
  File "/opt/data/home/smzdm-monitor/src/scorer/preference.py", line 23, in _ensure_table
    self.db.conn.execute('''
    ^^^^^^^^^^^^
AttributeError: 'Database' object has no attribute 'conn'
2026-05-11 10:35:18,426 [INFO] __main__: ==================================================
2026-05-11 10:35:18,426 [INFO] __main__: 开始什么值得买好价监控
2026-05-11 10:35:18,426 [INFO] __main__: ==================================================
2026-05-11 10:35:18,431 [INFO] __main__: 配置加载完成
2026-05-11 10:35:18,431 [INFO] __main__: 数据库初始化完成
2026-05-11 10:35:18,431 [ERROR] __main__: 监控过程出错: 'Database' object has no attribute 'conn'
Traceback (most recent call last):
  File "/opt/data/home/smzdm-monitor/main.py", line 52, in run_monitor
    category_pref = get_category_pref(db)
  File "/opt/data/home/smzdm-monitor/src/scorer/preference.py", line 121, in get_category_pref
    _pref_instance = CategoryPreference(database)
  File "/opt/data/home/smzdm-monitor/src/scorer/preference.py", line 19, in __init__
    self._ensure_table()
    ~~~~~~~~~~~~~~~~~~^^
  File "/opt/data/home/smzdm-monitor/src/scorer/preference.py", line 23, in _ensure_table
    self.db.conn.execute('''
    ^^^^^^^^^^^^
AttributeError: 'Database' object has no attribute 'conn'
2026-05-11 10:36:16,996 [INFO] __main__: ==================================================
2026-05-11 10:36:16,996 [INFO] __main__: 开始什么值得买好价监控
2026-05-11 10:36:16,996 [INFO] __main__: ==================================================
2026-05-11 10:36:17,000 [INFO] __main__: 配置加载完成
2026-05-11 10:36:17,001 [INFO] __main__: 数据库初始化完成
2026-05-11 10:36:17,001 [INFO] __main__: 品类偏好初始化完成
2026-05-11 10:36:17,001 [INFO] __main__: 检查邮件反馈...
2026-05-11 10:36:28,300 [INFO] src.feedback.parser: 解析到 3 条反馈
2026-05-11 10:36:28,493 [INFO] src.feedback.parser: 解析到 3 条反馈
2026-05-11 10:36:28,493 [INFO] src.feedback.parser: 解析到 5 条设置
2026-05-11 10:36:28,541 [INFO] src.feedback.parser: 记录反馈: 400001 -> helpful (None)
2026-05-11 10:36:28,545 [INFO] src.feedback.parser: 记录反馈: 400003 -> helpful (None)
2026-05-11 10:36:28,549 [INFO] src.feedback.parser: 记录反馈: 400002 -> not_helpful (None)
2026-05-11 10:36:28,552 [INFO] src.feedback.parser: 记录反馈: 500001 -> helpful (None)
2026-05-11 10:36:28,556 [INFO] src.feedback.parser: 记录反馈: 500002 -> helpful (None)
2026-05-11 10:36:28,559 [INFO] src.feedback.parser: 记录反馈: 500003 -> not_helpful (None)
2026-05-11 10:36:28,559 [ERROR] src.feedback.parser: 检查邮件反馈失败: 'Database' object has no attribute 'save_category_pref'
2026-05-11 10:36:40,916 [INFO] src.proxy.manager: 获取到 0 个可用代理
2026-05-11 10:36:40,916 [INFO] __main__: 代理管理器初始化完成，可用代理: 0 个
2026-05-11 10:36:40,916 [INFO] __main__: 爬虫初始化完成
2026-05-11 10:36:40,916 [INFO] __main__: 评分器初始化完成
2026-05-11 10:36:40,916 [INFO] __main__: 通知器初始化完成
2026-05-11 10:36:40,916 [INFO] __main__: 开始抓取商品...
2026-05-11 10:36:42,269 [INFO] src.crawler.smzdm: 第1页: 获取20个商品 (耗时0.6s)
2026-05-11 10:36:42,269 [INFO] src.crawler.smzdm: 已抓取 20 个商品
2026-05-11 10:36:43,973 [INFO] src.crawler.smzdm: 第2页: 获取20个商品 (耗时0.8s)
2026-05-11 10:36:43,975 [INFO] src.crawler.smzdm: 已抓取 40 个商品
2026-05-11 10:36:45,313 [INFO] src.crawler.smzdm: 第3页: 获取20个商品 (耗时0.6s)
2026-05-11 10:36:45,313 [INFO] src.crawler.smzdm: 已抓取 60 个商品
2026-05-11 10:36:47,265 [INFO] src.crawler.smzdm: 第4页: 获取20个商品 (耗时0.8s)
2026-05-11 10:36:47,265 [INFO] src.crawler.smzdm: 已抓取 80 个商品
2026-05-11 10:36:49,207 [INFO] src.crawler.smzdm: 第5页: 获取20个商品 (耗时0.5s)
2026-05-11 10:36:49,207 [INFO] src.crawler.smzdm: 已抓取 100 个商品
2026-05-11 10:36:51,004 [INFO] src.crawler.smzdm: 第6页: 获取20个商品 (耗时0.6s)
2026-05-11 10:36:51,005 [INFO] src.crawler.smzdm: 已抓取 120 个商品
2026-05-11 10:36:52,340 [INFO] src.crawler.smzdm: 第7页: 获取20个商品 (耗时0.6s)
2026-05-11 10:36:52,340 [INFO] src.crawler.smzdm: 已抓取 140 个商品
2026-05-11 10:36:54,079 [INFO] src.crawler.smzdm: 第8页: 获取20个商品 (耗时0.7s)
2026-05-11 10:36:54,079 [INFO] src.crawler.smzdm: 已抓取 160 个商品
2026-05-11 10:36:56,341 [INFO] src.crawler.smzdm: 第9页: 获取20个商品 (耗时0.8s)
2026-05-11 10:36:56,342 [INFO] src.crawler.smzdm: 已抓取 180 个商品
2026-05-11 10:36:58,390 [INFO] src.crawler.smzdm: 第10页: 获取20个商品 (耗时0.6s)
2026-05-11 10:36:58,390 [INFO] src.crawler.smzdm: 已抓取 200 个商品
2026-05-11 10:36:59,815 [INFO] src.crawler.smzdm: 第11页: 获取20个商品 (耗时0.5s)
2026-05-11 10:36:59,816 [INFO] src.crawler.smzdm: 已抓取 220 个商品
2026-05-11 10:37:01,602 [INFO] src.crawler.smzdm: 第12页: 获取20个商品 (耗时0.5s)
2026-05-11 10:37:01,602 [INFO] src.crawler.smzdm: 已抓取 240 个商品
2026-05-11 10:37:03,471 [INFO] src.crawler.smzdm: 第13页: 获取20个商品 (耗时0.7s)
2026-05-11 10:37:03,471 [INFO] src.crawler.smzdm: 已抓取 260 个商品
2026-05-11 10:37:05,677 [INFO] src.crawler.smzdm: 第14页: 获取20个商品 (耗时0.7s)
2026-05-11 10:37:05,677 [INFO] src.crawler.smzdm: 已抓取 280 个商品
2026-05-11 10:37:07,534 [INFO] src.crawler.smzdm: 第15页: 获取20个商品 (耗时0.6s)
2026-05-11 10:37:07,534 [INFO] src.crawler.smzdm: 已抓取 300 个商品
2026-05-11 10:37:09,215 [INFO] src.crawler.smzdm: 第16页: 获取20个商品 (耗时0.7s)
2026-05-11 10:37:09,215 [INFO] src.crawler.smzdm: 已抓取 320 个商品
2026-05-11 10:37:10,758 [INFO] src.crawler.smzdm: 第17页: 获取20个商品 (耗时0.6s)
2026-05-11 10:37:10,758 [INFO] src.crawler.smzdm: 已抓取 340 个商品
2026-05-11 10:37:12,316 [INFO] src.crawler.smzdm: 第18页: 获取20个商品 (耗时0.6s)
2026-05-11 10:37:12,316 [INFO] src.crawler.smzdm: 已抓取 360 个商品
2026-05-11 10:37:14,207 [INFO] src.crawler.smzdm: 第19页: 获取20个商品 (耗时0.6s)
2026-05-11 10:37:14,207 [INFO] src.crawler.smzdm: 已抓取 380 个商品
2026-05-11 10:37:15,854 [INFO] src.crawler.smzdm: 第20页: 获取20个商品 (耗时0.8s)
2026-05-11 10:37:15,854 [INFO] src.crawler.smzdm: 已抓取 400 个商品
2026-05-11 10:37:17,865 [INFO] src.crawler.smzdm: 第21页: 获取20个商品 (耗时0.7s)
2026-05-11 10:37:17,865 [INFO] src.crawler.smzdm: 已抓取 420 个商品
2026-05-11 10:37:19,731 [INFO] src.crawler.smzdm: 第22页: 获取20个商品 (耗时0.8s)
2026-05-11 10:37:19,731 [INFO] src.crawler.smzdm: 已抓取 440 个商品
2026-05-11 10:37:21,571 [INFO] src.crawler.smzdm: 第23页: 获取20个商品 (耗时0.5s)
2026-05-11 10:37:21,571 [INFO] src.crawler.smzdm: 已抓取 460 个商品
2026-05-11 10:37:22,989 [INFO] src.crawler.smzdm: 第24页: 获取20个商品 (耗时0.6s)
2026-05-11 10:37:22,989 [INFO] src.crawler.smzdm: 已抓取 480 个商品
2026-05-11 10:37:24,334 [INFO] src.crawler.smzdm: 第25页: 获取20个商品 (耗时0.6s)
2026-05-11 10:37:24,334 [INFO] src.crawler.smzdm: 已抓取 500 个商品
2026-05-11 10:37:25,539 [INFO] src.crawler.smzdm: 第26页: 获取20个商品 (耗时0.7s)
2026-05-11 10:37:25,539 [INFO] src.crawler.smzdm: 已抓取 520 个商品
2026-05-11 10:37:26,658 [INFO] src.crawler.smzdm: 第27页: 获取20个商品 (耗时0.6s)
2026-05-11 10:37:26,658 [INFO] src.crawler.smzdm: 已抓取 540 个商品
2026-05-11 10:37:28,503 [INFO] src.crawler.smzdm: 第28页: 获取20个商品 (耗时0.5s)
2026-05-11 10:37:28,503 [INFO] src.crawler.smzdm: 已抓取 560 个商品
2026-05-11 10:37:30,273 [INFO] src.crawler.smzdm: 第29页: 获取20个商品 (耗时0.6s)
2026-05-11 10:37:30,273 [INFO] src.crawler.smzdm: 已抓取 580 个商品
2026-05-11 10:37:31,733 [INFO] src.crawler.smzdm: 第30页: 获取20个商品 (耗时0.5s)
2026-05-11 10:37:31,733 [INFO] src.crawler.smzdm: 已抓取 600 个商品
2026-05-11 10:37:33,462 [INFO] src.crawler.smzdm: 第31页: 获取20个商品 (耗时0.8s)
2026-05-11 10:37:33,462 [INFO] src.crawler.smzdm: 已抓取 620 个商品
2026-05-11 10:37:35,202 [INFO] src.crawler.smzdm: 第32页: 获取20个商品 (耗时0.8s)
2026-05-11 10:37:35,203 [INFO] src.crawler.smzdm: 已抓取 640 个商品
2026-05-11 10:37:36,787 [INFO] src.crawler.smzdm: 第33页: 获取20个商品 (耗时0.6s)
2026-05-11 10:37:36,788 [INFO] src.crawler.smzdm: 已抓取 660 个商品
2026-05-11 10:37:37,867 [INFO] src.crawler.smzdm: 第34页: 获取20个商品 (耗时0.6s)
2026-05-11 10:37:37,867 [INFO] src.crawler.smzdm: 已抓取 680 个商品
2026-05-11 10:37:39,658 [INFO] src.crawler.smzdm: 第35页: 获取20个商品 (耗时0.7s)
2026-05-11 10:37:39,658 [INFO] src.crawler.smzdm: 已抓取 700 个商品
2026-05-11 10:37:40,841 [INFO] src.crawler.smzdm: 第36页: 获取20个商品 (耗时0.5s)
2026-05-11 10:37:40,842 [INFO] src.crawler.smzdm: 已抓取 720 个商品
2026-05-11 10:37:42,818 [INFO] src.crawler.smzdm: 第37页: 获取20个商品 (耗时0.5s)
2026-05-11 10:37:42,818 [INFO] src.crawler.smzdm: 已抓取 740 个商品
2026-05-11 10:37:44,557 [INFO] src.crawler.smzdm: 第38页: 获取20个商品 (耗时0.5s)
2026-05-11 10:37:44,557 [INFO] src.crawler.smzdm: 已抓取 760 个商品
2026-05-11 10:37:46,359 [INFO] src.crawler.smzdm: 第39页: 获取20个商品 (耗时0.5s)
2026-05-11 10:37:46,360 [INFO] src.crawler.smzdm: 已抓取 780 个商品
2026-05-11 10:37:48,216 [INFO] src.crawler.smzdm: 第40页: 获取20个商品 (耗时0.7s)
2026-05-11 10:37:48,217 [INFO] src.crawler.smzdm: 已抓取 800 个商品
2026-05-11 10:37:49,513 [INFO] src.crawler.smzdm: 第41页: 获取20个商品 (耗时0.7s)
2026-05-11 10:37:49,513 [INFO] src.crawler.smzdm: 已抓取 820 个商品
2026-05-11 10:37:51,009 [INFO] src.crawler.smzdm: 第42页: 获取20个商品 (耗时0.6s)
2026-05-11 10:37:51,009 [INFO] src.crawler.smzdm: 已抓取 840 个商品
2026-05-11 10:37:52,719 [INFO] src.crawler.smzdm: 第43页: 获取20个商品 (耗时0.8s)
2026-05-11 10:37:52,719 [INFO] src.crawler.smzdm: 已抓取 860 个商品
2026-05-11 10:37:53,796 [INFO] src.crawler.smzdm: 第44页: 获取20个商品 (耗时0.6s)
2026-05-11 10:37:53,796 [INFO] src.crawler.smzdm: 已抓取 880 个商品
2026-05-11 10:37:54,935 [INFO] src.crawler.smzdm: 第45页: 获取20个商品 (耗时0.6s)
2026-05-11 10:37:54,935 [INFO] src.crawler.smzdm: 已抓取 900 个商品
2026-05-11 10:37:57,135 [INFO] src.crawler.smzdm: 第46页: 获取20个商品 (耗时0.7s)
2026-05-11 10:37:57,136 [INFO] src.crawler.smzdm: 已抓取 920 个商品
2026-05-11 10:37:58,580 [INFO] src.crawler.smzdm: 第47页: 获取20个商品 (耗时0.7s)
2026-05-11 10:37:58,581 [INFO] src.crawler.smzdm: 已抓取 940 个商品
2026-05-11 10:38:00,852 [INFO] src.crawler.smzdm: 第48页: 获取20个商品 (耗时0.9s)
2026-05-11 10:38:00,852 [INFO] src.crawler.smzdm: 已抓取 960 个商品
2026-05-11 10:38:02,974 [INFO] src.crawler.smzdm: 第49页: 获取20个商品 (耗时0.8s)
2026-05-11 10:38:02,975 [INFO] src.crawler.smzdm: 已抓取 980 个商品
2026-05-11 10:38:04,743 [INFO] src.crawler.smzdm: 第50页: 获取20个商品 (耗时0.8s)
2026-05-11 10:38:04,743 [INFO] src.crawler.smzdm: 已抓取 1000 个商品
2026-05-11 10:38:04,743 [INFO] __main__: 抓取完成，共 1000 个商品
2026-05-11 10:38:04,751 [INFO] __main__: 品类标签完成
2026-05-11 10:38:04,752 [INFO] __main__: 开始过滤商品...
2026-05-11 10:38:04,753 [INFO] __main__: 过滤后剩余 962 个商品
2026-05-11 10:38:04,753 [INFO] __main__: 开始计算评分...
2026-05-11 10:38:08,761 [INFO] __main__: 筛选出 0 个高分商品
2026-05-11 10:38:08,761 [INFO] __main__: 没有需要通知的商品
2026-05-11 10:38:08,763 [INFO] __main__: 已清理 30 天前的旧数据
2026-05-11 10:38:08,763 [INFO] __main__: ==================================================
2026-05-11 10:38:08,763 [INFO] __main__: 监控完成
2026-05-11 10:38:08,763 [INFO] __main__: ==================================================
2026-05-11 10:38:32,494 [INFO] __main__: ==================================================
2026-05-11 10:38:32,494 [INFO] __main__: 开始什么值得买好价监控
2026-05-11 10:38:32,494 [INFO] __main__: ==================================================
2026-05-11 10:38:32,498 [INFO] __main__: 配置加载完成
2026-05-11 10:38:32,499 [INFO] __main__: 数据库初始化完成
2026-05-11 10:38:32,499 [INFO] __main__: 品类偏好初始化完成
2026-05-11 10:38:32,499 [INFO] __main__: 检查邮件反馈...
2026-05-11 10:38:45,401 [INFO] src.feedback.parser: 解析到 3 条反馈
2026-05-11 10:38:45,607 [INFO] src.feedback.parser: 解析到 3 条反馈
2026-05-11 10:38:45,607 [INFO] src.feedback.parser: 解析到 5 条设置
2026-05-11 10:38:45,660 [INFO] src.feedback.parser: 记录反馈: 400001 -> helpful (None)
2026-05-11 10:38:45,664 [INFO] src.feedback.parser: 记录反馈: 400003 -> helpful (None)
2026-05-11 10:38:45,668 [INFO] src.feedback.parser: 记录反馈: 400002 -> not_helpful (None)
2026-05-11 10:38:45,671 [INFO] src.feedback.parser: 记录反馈: 500001 -> helpful (None)
2026-05-11 10:38:45,675 [INFO] src.feedback.parser: 记录反馈: 500002 -> helpful (None)
2026-05-11 10:38:45,679 [INFO] src.feedback.parser: 记录反馈: 500003 -> not_helpful (None)
2026-05-11 10:38:45,679 [ERROR] src.feedback.parser: 检查邮件反馈失败: name '_get_category_pref' is not defined
2026-05-11 10:38:58,629 [INFO] src.proxy.manager: 获取到 0 个可用代理
2026-05-11 10:38:58,629 [INFO] __main__: 代理管理器初始化完成，可用代理: 0 个
2026-05-11 10:38:58,629 [INFO] __main__: 爬虫初始化完成
2026-05-11 10:38:58,629 [INFO] __main__: 评分器初始化完成
2026-05-11 10:38:58,629 [INFO] __main__: 通知器初始化完成
2026-05-11 10:38:58,630 [INFO] __main__: 开始抓取商品...
2026-05-11 10:39:00,042 [INFO] src.crawler.smzdm: 第1页: 获取20个商品 (耗时0.6s)
2026-05-11 10:39:00,042 [INFO] src.crawler.smzdm: 已抓取 20 个商品
2026-05-11 10:39:01,483 [INFO] src.crawler.smzdm: 第2页: 获取20个商品 (耗时0.7s)
2026-05-11 10:39:01,483 [INFO] src.crawler.smzdm: 已抓取 40 个商品
2026-05-11 10:39:03,665 [INFO] src.crawler.smzdm: 第3页: 获取20个商品 (耗时0.8s)
2026-05-11 10:39:03,665 [INFO] src.crawler.smzdm: 已抓取 60 个商品
2026-05-11 10:39:04,813 [INFO] src.crawler.smzdm: 第4页: 获取20个商品 (耗时0.5s)
2026-05-11 10:39:04,814 [INFO] src.crawler.smzdm: 已抓取 80 个商品
2026-05-11 10:39:06,708 [INFO] src.crawler.smzdm: 第5页: 获取20个商品 (耗时0.5s)
2026-05-11 10:39:06,709 [INFO] src.crawler.smzdm: 已抓取 100 个商品
2026-05-11 10:39:08,099 [INFO] src.crawler.smzdm: 第6页: 获取20个商品 (耗时0.6s)
2026-05-11 10:39:08,100 [INFO] src.crawler.smzdm: 已抓取 120 个商品
2026-05-11 10:39:09,347 [INFO] src.crawler.smzdm: 第7页: 获取20个商品 (耗时0.6s)
2026-05-11 10:39:09,347 [INFO] src.crawler.smzdm: 已抓取 140 个商品
2026-05-11 10:39:11,133 [INFO] src.crawler.smzdm: 第8页: 获取20个商品 (耗时0.5s)
2026-05-11 10:39:11,133 [INFO] src.crawler.smzdm: 已抓取 160 个商品
2026-05-11 10:39:12,360 [INFO] src.crawler.smzdm: 第9页: 获取20个商品 (耗时0.6s)
2026-05-11 10:39:12,360 [INFO] src.crawler.smzdm: 已抓取 180 个商品
2026-05-11 10:39:13,770 [INFO] src.crawler.smzdm: 第10页: 获取20个商品 (耗时0.6s)
2026-05-11 10:39:13,771 [INFO] src.crawler.smzdm: 已抓取 200 个商品
2026-05-11 10:39:15,688 [INFO] src.crawler.smzdm: 第11页: 获取20个商品 (耗时0.6s)
2026-05-11 10:39:15,689 [INFO] src.crawler.smzdm: 已抓取 220 个商品
2026-05-11 10:39:17,001 [INFO] src.crawler.smzdm: 第12页: 获取20个商品 (耗时0.6s)
2026-05-11 10:39:17,001 [INFO] src.crawler.smzdm: 已抓取 240 个商品
2026-05-11 10:39:18,193 [INFO] src.crawler.smzdm: 第13页: 获取20个商品 (耗时0.5s)
2026-05-11 10:39:18,193 [INFO] src.crawler.smzdm: 已抓取 260 个商品
2026-05-11 10:39:20,156 [INFO] src.crawler.smzdm: 第14页: 获取20个商品 (耗时0.8s)
2026-05-11 10:39:20,156 [INFO] src.crawler.smzdm: 已抓取 280 个商品
2026-05-11 10:39:21,312 [INFO] src.crawler.smzdm: 第15页: 获取20个商品 (耗时0.6s)
2026-05-11 10:39:21,312 [INFO] src.crawler.smzdm: 已抓取 300 个商品
2026-05-11 10:39:22,484 [INFO] src.crawler.smzdm: 第16页: 获取20个商品 (耗时0.5s)
2026-05-11 10:39:22,484 [INFO] src.crawler.smzdm: 已抓取 320 个商品
2026-05-11 10:39:23,612 [INFO] src.crawler.smzdm: 第17页: 获取20个商品 (耗时0.5s)
2026-05-11 10:39:23,612 [INFO] src.crawler.smzdm: 已抓取 340 个商品
2026-05-11 10:39:25,221 [INFO] src.crawler.smzdm: 第18页: 获取20个商品 (耗时0.7s)
2026-05-11 10:39:25,222 [INFO] src.crawler.smzdm: 已抓取 360 个商品
2026-05-11 10:39:27,411 [INFO] src.crawler.smzdm: 第19页: 获取20个商品 (耗时0.7s)
2026-05-11 10:39:27,411 [INFO] src.crawler.smzdm: 已抓取 380 个商品
2026-05-11 10:39:29,169 [INFO] src.crawler.smzdm: 第20页: 获取20个商品 (耗时0.6s)
2026-05-11 10:39:29,169 [INFO] src.crawler.smzdm: 已抓取 400 个商品
2026-05-11 10:39:30,289 [INFO] src.crawler.smzdm: 第21页: 获取20个商品 (耗时0.6s)
2026-05-11 10:39:30,290 [INFO] src.crawler.smzdm: 已抓取 420 个商品
2026-05-11 10:39:31,824 [INFO] src.crawler.smzdm: 第22页: 获取20个商品 (耗时0.7s)
2026-05-11 10:39:31,824 [INFO] src.crawler.smzdm: 已抓取 440 个商品
2026-05-11 10:39:33,475 [INFO] src.crawler.smzdm: 第23页: 获取20个商品 (耗时0.6s)
2026-05-11 10:39:33,476 [INFO] src.crawler.smzdm: 已抓取 460 个商品
2026-05-11 10:39:35,458 [INFO] src.crawler.smzdm: 第24页: 获取20个商品 (耗时0.6s)
2026-05-11 10:39:35,458 [INFO] src.crawler.smzdm: 已抓取 480 个商品
2026-05-11 10:39:36,634 [INFO] src.crawler.smzdm: 第25页: 获取20个商品 (耗时0.5s)
2026-05-11 10:39:36,634 [INFO] src.crawler.smzdm: 已抓取 500 个商品
2026-05-11 10:39:37,957 [INFO] src.crawler.smzdm: 第26页: 获取20个商品 (耗时0.6s)
2026-05-11 10:39:37,957 [INFO] src.crawler.smzdm: 已抓取 520 个商品
2026-05-11 10:39:39,311 [INFO] src.crawler.smzdm: 第27页: 获取20个商品 (耗时0.8s)
2026-05-11 10:39:39,312 [INFO] src.crawler.smzdm: 已抓取 540 个商品
2026-05-11 10:39:40,596 [INFO] src.crawler.smzdm: 第28页: 获取20个商品 (耗时0.6s)
2026-05-11 10:39:40,596 [INFO] src.crawler.smzdm: 已抓取 560 个商品
2026-05-11 10:39:41,899 [INFO] src.crawler.smzdm: 第29页: 获取20个商品 (耗时0.6s)
2026-05-11 10:39:41,899 [INFO] src.crawler.smzdm: 已抓取 580 个商品
2026-05-11 10:39:43,171 [INFO] src.crawler.smzdm: 第30页: 获取20个商品 (耗时0.6s)
2026-05-11 10:39:43,171 [INFO] src.crawler.smzdm: 已抓取 600 个商品
2026-05-11 10:39:45,002 [INFO] src.crawler.smzdm: 第31页: 获取20个商品 (耗时0.8s)
2026-05-11 10:39:45,005 [INFO] src.crawler.smzdm: 已抓取 620 个商品
2026-05-11 10:39:46,331 [INFO] src.crawler.smzdm: 第32页: 获取20个商品 (耗时0.8s)
2026-05-11 10:39:46,331 [INFO] src.crawler.smzdm: 已抓取 640 个商品
2026-05-11 10:39:47,996 [INFO] src.crawler.smzdm: 第33页: 获取20个商品 (耗时0.7s)
2026-05-11 10:39:47,996 [INFO] src.crawler.smzdm: 已抓取 660 个商品
2026-05-11 10:39:50,161 [INFO] src.crawler.smzdm: 第34页: 获取20个商品 (耗时0.8s)
2026-05-11 10:39:50,161 [INFO] src.crawler.smzdm: 已抓取 680 个商品
2026-05-11 10:39:51,299 [INFO] src.crawler.smzdm: 第35页: 获取20个商品 (耗时0.6s)
2026-05-11 10:39:51,299 [INFO] src.crawler.smzdm: 已抓取 700 个商品
2026-05-11 10:39:53,088 [INFO] src.crawler.smzdm: 第36页: 获取20个商品 (耗时0.6s)
2026-05-11 10:39:53,089 [INFO] src.crawler.smzdm: 已抓取 720 个商品
2026-05-11 10:39:54,718 [INFO] src.crawler.smzdm: 第37页: 获取20个商品 (耗时0.6s)
2026-05-11 10:39:54,718 [INFO] src.crawler.smzdm: 已抓取 740 个商品
2026-05-11 10:39:56,397 [INFO] src.crawler.smzdm: 第38页: 获取20个商品 (耗时0.8s)
2026-05-11 10:39:56,398 [INFO] src.crawler.smzdm: 已抓取 760 个商品
2026-05-11 10:39:58,175 [INFO] src.crawler.smzdm: 第39页: 获取20个商品 (耗时0.6s)
2026-05-11 10:39:58,175 [INFO] src.crawler.smzdm: 已抓取 780 个商品
2026-05-11 10:39:59,607 [INFO] src.crawler.smzdm: 第40页: 获取20个商品 (耗时0.5s)
2026-05-11 10:39:59,607 [INFO] src.crawler.smzdm: 已抓取 800 个商品
2026-05-11 10:40:01,413 [INFO] src.crawler.smzdm: 第41页: 获取20个商品 (耗时0.6s)
2026-05-11 10:40:01,413 [INFO] src.crawler.smzdm: 已抓取 820 个商品
2026-05-11 10:40:03,209 [INFO] src.crawler.smzdm: 第42页: 获取20个商品 (耗时0.9s)
2026-05-11 10:40:03,210 [INFO] src.crawler.smzdm: 已抓取 840 个商品
2026-05-11 10:40:05,339 [INFO] src.crawler.smzdm: 第43页: 获取20个商品 (耗时0.7s)
2026-05-11 10:40:05,339 [INFO] src.crawler.smzdm: 已抓取 860 个商品
2026-05-11 10:40:06,774 [INFO] src.crawler.smzdm: 第44页: 获取20个商品 (耗时0.5s)
2026-05-11 10:40:06,775 [INFO] src.crawler.smzdm: 已抓取 880 个商品
2026-05-11 10:40:08,431 [INFO] src.crawler.smzdm: 第45页: 获取20个商品 (耗时0.8s)
2026-05-11 10:40:08,432 [INFO] src.crawler.smzdm: 已抓取 900 个商品
2026-05-11 10:40:09,564 [INFO] src.crawler.smzdm: 第46页: 获取20个商品 (耗时0.5s)
2026-05-11 10:40:09,564 [INFO] src.crawler.smzdm: 已抓取 920 个商品
2026-05-11 10:40:11,386 [INFO] src.crawler.smzdm: 第47页: 获取20个商品 (耗时0.6s)
2026-05-11 10:40:11,387 [INFO] src.crawler.smzdm: 已抓取 940 个商品
2026-05-11 10:40:12,796 [INFO] src.crawler.smzdm: 第48页: 获取20个商品 (耗时0.6s)
2026-05-11 10:40:12,796 [INFO] src.crawler.smzdm: 已抓取 960 个商品
2026-05-11 10:40:14,525 [INFO] src.crawler.smzdm: 第49页: 获取20个商品 (耗时0.7s)
2026-05-11 10:40:14,525 [INFO] src.crawler.smzdm: 已抓取 980 个商品
2026-05-11 10:40:16,315 [INFO] src.crawler.smzdm: 第50页: 获取20个商品 (耗时0.5s)
2026-05-11 10:40:16,315 [INFO] src.crawler.smzdm: 已抓取 1000 个商品
2026-05-11 10:40:16,315 [INFO] __main__: 抓取完成，共 1000 个商品
2026-05-11 10:40:16,330 [INFO] __main__: 品类标签完成
2026-05-11 10:40:16,330 [INFO] __main__: 开始过滤商品...
2026-05-11 10:40:16,332 [INFO] __main__: 过滤后剩余 967 个商品
2026-05-11 10:40:16,332 [INFO] __main__: 开始计算评分...
2026-05-11 10:40:20,524 [INFO] __main__: 筛选出 0 个高分商品
2026-05-11 10:40:20,524 [INFO] __main__: 没有需要通知的商品
2026-05-11 10:40:20,527 [INFO] __main__: 已清理 30 天前的旧数据
2026-05-11 10:40:20,527 [INFO] __main__: ==================================================
2026-05-11 10:40:20,527 [INFO] __main__: 监控完成
2026-05-11 10:40:20,527 [INFO] __main__: ==================================================
2026-05-11 10:41:00,725 [INFO] __main__: ==================================================
2026-05-11 10:41:00,725 [INFO] __main__: 开始什么值得买好价监控
2026-05-11 10:41:00,725 [INFO] __main__: ==================================================
2026-05-11 10:41:00,729 [INFO] __main__: 配置加载完成
2026-05-11 10:41:00,730 [INFO] __main__: 数据库初始化完成
2026-05-11 10:41:00,730 [INFO] __main__: 品类偏好初始化完成
2026-05-11 10:41:00,730 [INFO] __main__: 检查邮件反馈...
2026-05-11 10:41:12,532 [INFO] src.feedback.parser: 解析到 3 条反馈
2026-05-11 10:41:12,749 [INFO] src.feedback.parser: 解析到 3 条反馈
2026-05-11 10:41:12,749 [INFO] src.feedback.parser: 解析到 5 条设置
2026-05-11 10:41:12,805 [INFO] src.feedback.parser: 记录反馈: 400001 -> helpful (None)
2026-05-11 10:41:12,809 [INFO] src.feedback.parser: 记录反馈: 400003 -> helpful (None)
2026-05-11 10:41:12,813 [INFO] src.feedback.parser: 记录反馈: 400002 -> not_helpful (None)
2026-05-11 10:41:12,817 [INFO] src.feedback.parser: 记录反馈: 500001 -> helpful (None)
2026-05-11 10:41:12,820 [INFO] src.feedback.parser: 记录反馈: 500002 -> helpful (None)
2026-05-11 10:41:12,823 [INFO] src.feedback.parser: 记录反馈: 500003 -> not_helpful (None)
2026-05-11 10:41:12,826 [INFO] src.scorer.preference: 手动设置偏好: 母婴 = -100
2026-05-11 10:41:12,826 [INFO] src.feedback.parser: 更新偏好: 母婴 = -100
2026-05-11 10:41:12,832 [INFO] src.scorer.preference: 手动设置偏好: 数码 = 50
2026-05-11 10:41:12,832 [INFO] src.feedback.parser: 更新偏好: 数码 = 50
2026-05-11 10:41:12,835 [INFO] src.scorer.preference: 手动设置偏好: 零食 = 0
2026-05-11 10:41:12,835 [INFO] src.feedback.parser: 更新偏好: 零食 = 0
2026-05-11 10:41:12,836 [INFO] src.scorer.preference: 手动设置偏好: 母婴 = -100
2026-05-11 10:41:12,836 [INFO] src.feedback.parser: 更新偏好: 母婴 = -100
2026-05-11 10:41:12,839 [INFO] src.scorer.preference: 手动设置偏好: 数码 = 30
2026-05-11 10:41:12,839 [INFO] src.feedback.parser: 更新偏好: 数码 = 30
2026-05-11 10:41:12,839 [INFO] __main__: 收到 6 条反馈
2026-05-11 10:41:25,109 [INFO] src.proxy.manager: 获取到 0 个可用代理
2026-05-11 10:41:25,109 [INFO] __main__: 代理管理器初始化完成，可用代理: 0 个
2026-05-11 10:41:25,109 [INFO] __main__: 爬虫初始化完成
2026-05-11 10:41:25,110 [INFO] __main__: 评分器初始化完成
2026-05-11 10:41:25,110 [INFO] __main__: 通知器初始化完成
2026-05-11 10:41:25,110 [INFO] __main__: 开始抓取商品...
2026-05-11 10:41:26,244 [INFO] src.crawler.smzdm: 第1页: 获取20个商品 (耗时0.6s)
2026-05-11 10:41:26,244 [INFO] src.crawler.smzdm: 已抓取 20 个商品
2026-05-11 10:41:27,711 [INFO] src.crawler.smzdm: 第2页: 获取20个商品 (耗时0.7s)
2026-05-11 10:41:27,712 [INFO] src.crawler.smzdm: 已抓取 40 个商品
2026-05-11 10:41:29,287 [INFO] src.crawler.smzdm: 第3页: 获取20个商品 (耗时0.5s)
2026-05-11 10:41:29,287 [INFO] src.crawler.smzdm: 已抓取 60 个商品
2026-05-11 10:41:31,282 [INFO] src.crawler.smzdm: 第4页: 获取20个商品 (耗时0.6s)
2026-05-11 10:41:31,282 [INFO] src.crawler.smzdm: 已抓取 80 个商品
2026-05-11 10:41:32,743 [INFO] src.crawler.smzdm: 第5页: 获取20个商品 (耗时0.8s)
2026-05-11 10:41:32,743 [INFO] src.crawler.smzdm: 已抓取 100 个商品
2026-05-11 10:41:34,579 [INFO] src.crawler.smzdm: 第6页: 获取20个商品 (耗时0.7s)
2026-05-11 10:41:34,579 [INFO] src.crawler.smzdm: 已抓取 120 个商品
2026-05-11 10:41:36,045 [INFO] src.crawler.smzdm: 第7页: 获取20个商品 (耗时0.5s)
2026-05-11 10:41:36,045 [INFO] src.crawler.smzdm: 已抓取 140 个商品
2026-05-11 10:41:37,824 [INFO] src.crawler.smzdm: 第8页: 获取20个商品 (耗时0.6s)
2026-05-11 10:41:37,824 [INFO] src.crawler.smzdm: 已抓取 160 个商品
2026-05-11 10:41:39,507 [INFO] src.crawler.smzdm: 第9页: 获取20个商品 (耗时0.6s)
2026-05-11 10:41:39,508 [INFO] src.crawler.smzdm: 已抓取 180 个商品
2026-05-11 10:41:41,101 [INFO] src.crawler.smzdm: 第10页: 获取20个商品 (耗时0.7s)
2026-05-11 10:41:41,101 [INFO] src.crawler.smzdm: 已抓取 200 个商品
2026-05-11 10:41:42,186 [INFO] src.crawler.smzdm: 第11页: 获取20个商品 (耗时0.5s)
2026-05-11 10:41:42,186 [INFO] src.crawler.smzdm: 已抓取 220 个商品
2026-05-11 10:41:43,235 [INFO] src.crawler.smzdm: 第12页: 获取20个商品 (耗时0.5s)
2026-05-11 10:41:43,236 [INFO] src.crawler.smzdm: 已抓取 240 个商品
2026-05-11 10:41:44,908 [INFO] src.crawler.smzdm: 第13页: 获取20个商品 (耗时0.5s)
2026-05-11 10:41:44,908 [INFO] src.crawler.smzdm: 已抓取 260 个商品
2026-05-11 10:41:46,534 [INFO] src.crawler.smzdm: 第14页: 获取20个商品 (耗时0.7s)
2026-05-11 10:41:46,535 [INFO] src.crawler.smzdm: 已抓取 280 个商品
2026-05-11 10:41:47,941 [INFO] src.crawler.smzdm: 第15页: 获取20个商品 (耗时0.6s)
2026-05-11 10:41:47,941 [INFO] src.crawler.smzdm: 已抓取 300 个商品
2026-05-11 10:41:49,113 [INFO] src.crawler.smzdm: 第16页: 获取20个商品 (耗时0.6s)
2026-05-11 10:41:49,114 [INFO] src.crawler.smzdm: 已抓取 320 个商品
2026-05-11 10:41:50,759 [INFO] src.crawler.smzdm: 第17页: 获取20个商品 (耗时0.5s)
2026-05-11 10:41:50,759 [INFO] src.crawler.smzdm: 已抓取 340 个商品
2026-05-11 10:41:52,756 [INFO] src.crawler.smzdm: 第18页: 获取20个商品 (耗时0.8s)
2026-05-11 10:41:52,756 [INFO] src.crawler.smzdm: 已抓取 360 个商品
2026-05-11 10:41:54,229 [INFO] src.crawler.smzdm: 第19页: 获取20个商品 (耗时0.5s)
2026-05-11 10:41:54,229 [INFO] src.crawler.smzdm: 已抓取 380 个商品
2026-05-11 10:41:55,643 [INFO] src.crawler.smzdm: 第20页: 获取20个商品 (耗时0.5s)
2026-05-11 10:41:55,644 [INFO] src.crawler.smzdm: 已抓取 400 个商品
2026-05-11 10:41:57,285 [INFO] src.crawler.smzdm: 第21页: 获取20个商品 (耗时0.8s)
2026-05-11 10:41:57,287 [INFO] src.crawler.smzdm: 已抓取 420 个商品
2026-05-11 10:41:59,272 [INFO] src.crawler.smzdm: 第22页: 获取20个商品 (耗时0.9s)
2026-05-11 10:41:59,273 [INFO] src.crawler.smzdm: 已抓取 440 个商品
2026-05-11 10:42:00,879 [INFO] src.crawler.smzdm: 第23页: 获取20个商品 (耗时0.6s)
2026-05-11 10:42:00,879 [INFO] src.crawler.smzdm: 已抓取 460 个商品
2026-05-11 10:42:03,008 [INFO] src.crawler.smzdm: 第24页: 获取20个商品 (耗时0.8s)
2026-05-11 10:42:03,008 [INFO] src.crawler.smzdm: 已抓取 480 个商品
2026-05-11 10:42:04,713 [INFO] src.crawler.smzdm: 第25页: 获取20个商品 (耗时0.6s)
2026-05-11 10:42:04,714 [INFO] src.crawler.smzdm: 已抓取 500 个商品
2026-05-11 10:42:06,190 [INFO] src.crawler.smzdm: 第26页: 获取20个商品 (耗时0.6s)
2026-05-11 10:42:06,191 [INFO] src.crawler.smzdm: 已抓取 520 个商品
2026-05-11 10:42:07,744 [INFO] src.crawler.smzdm: 第27页: 获取20个商品 (耗时0.6s)
2026-05-11 10:42:07,744 [INFO] src.crawler.smzdm: 已抓取 540 个商品
2026-05-11 10:42:09,631 [INFO] src.crawler.smzdm: 第28页: 获取20个商品 (耗时0.6s)
2026-05-11 10:42:09,632 [INFO] src.crawler.smzdm: 已抓取 560 个商品
2026-05-11 10:42:11,807 [INFO] src.crawler.smzdm: 第29页: 获取20个商品 (耗时0.7s)
2026-05-11 10:42:11,807 [INFO] src.crawler.smzdm: 已抓取 580 个商品
2026-05-11 10:42:12,975 [INFO] src.crawler.smzdm: 第30页: 获取20个商品 (耗时0.5s)
2026-05-11 10:42:12,975 [INFO] src.crawler.smzdm: 已抓取 600 个商品
2026-05-11 10:42:14,776 [INFO] src.crawler.smzdm: 第31页: 获取20个商品 (耗时0.6s)
2026-05-11 10:42:14,776 [INFO] src.crawler.smzdm: 已抓取 620 个商品
2026-05-11 10:42:16,594 [INFO] src.crawler.smzdm: 第32页: 获取20个商品 (耗时0.9s)
2026-05-11 10:42:16,594 [INFO] src.crawler.smzdm: 已抓取 640 个商品
2026-05-11 10:42:18,027 [INFO] src.crawler.smzdm: 第33页: 获取20个商品 (耗时0.6s)
2026-05-11 10:42:18,027 [INFO] src.crawler.smzdm: 已抓取 660 个商品
2026-05-11 10:42:19,877 [INFO] src.crawler.smzdm: 第34页: 获取20个商品 (耗时0.5s)
2026-05-11 10:42:19,877 [INFO] src.crawler.smzdm: 已抓取 680 个商品
2026-05-11 10:42:21,776 [INFO] src.crawler.smzdm: 第35页: 获取20个商品 (耗时0.6s)
2026-05-11 10:42:21,776 [INFO] src.crawler.smzdm: 已抓取 700 个商品
2026-05-11 10:42:23,603 [INFO] src.crawler.smzdm: 第36页: 获取20个商品 (耗时0.8s)
2026-05-11 10:42:23,603 [INFO] src.crawler.smzdm: 已抓取 720 个商品
2026-05-11 10:42:25,001 [INFO] src.crawler.smzdm: 第37页: 获取20个商品 (耗时0.6s)
2026-05-11 10:42:25,001 [INFO] src.crawler.smzdm: 已抓取 740 个商品
2026-05-11 10:42:26,661 [INFO] src.crawler.smzdm: 第38页: 获取20个商品 (耗时0.6s)
2026-05-11 10:42:26,661 [INFO] src.crawler.smzdm: 已抓取 760 个商品
2026-05-11 10:42:28,093 [INFO] src.crawler.smzdm: 第39页: 获取20个商品 (耗时0.6s)
2026-05-11 10:42:28,093 [INFO] src.crawler.smzdm: 已抓取 780 个商品
2026-05-11 10:42:30,093 [INFO] src.crawler.smzdm: 第40页: 获取20个商品 (耗时0.6s)
2026-05-11 10:42:30,094 [INFO] src.crawler.smzdm: 已抓取 800 个商品
2026-05-11 10:42:31,238 [INFO] src.crawler.smzdm: 第41页: 获取20个商品 (耗时0.6s)
2026-05-11 10:42:31,238 [INFO] src.crawler.smzdm: 已抓取 820 个商品
2026-05-11 10:42:33,208 [INFO] src.crawler.smzdm: 第42页: 获取20个商品 (耗时0.6s)
2026-05-11 10:42:33,209 [INFO] src.crawler.smzdm: 已抓取 840 个商品
2026-05-11 10:42:34,992 [INFO] src.crawler.smzdm: 第43页: 获取20个商品 (耗时0.6s)
2026-05-11 10:42:34,992 [INFO] src.crawler.smzdm: 已抓取 860 个商品
2026-05-11 10:42:36,949 [INFO] src.crawler.smzdm: 第44页: 获取20个商品 (耗时0.8s)
2026-05-11 10:42:36,949 [INFO] src.crawler.smzdm: 已抓取 880 个商品
2026-05-11 10:42:38,919 [INFO] src.crawler.smzdm: 第45页: 获取20个商品 (耗时0.6s)
2026-05-11 10:42:38,919 [INFO] src.crawler.smzdm: 已抓取 900 个商品
2026-05-11 10:42:40,275 [INFO] src.crawler.smzdm: 第46页: 获取20个商品 (耗时0.8s)
2026-05-11 10:42:40,275 [INFO] src.crawler.smzdm: 已抓取 920 个商品
2026-05-11 10:42:41,532 [INFO] src.crawler.smzdm: 第47页: 获取20个商品 (耗时0.5s)
2026-05-11 10:42:41,532 [INFO] src.crawler.smzdm: 已抓取 940 个商品
2026-05-11 10:42:43,496 [INFO] src.crawler.smzdm: 第48页: 获取20个商品 (耗时0.6s)
2026-05-11 10:42:43,496 [INFO] src.crawler.smzdm: 已抓取 960 个商品
2026-05-11 10:42:45,139 [INFO] src.crawler.smzdm: 第49页: 获取20个商品 (耗时0.6s)
2026-05-11 10:42:45,140 [INFO] src.crawler.smzdm: 已抓取 980 个商品
2026-05-11 10:42:46,814 [INFO] src.crawler.smzdm: 第50页: 获取20个商品 (耗时0.6s)
2026-05-11 10:42:46,814 [INFO] src.crawler.smzdm: 已抓取 1000 个商品
2026-05-11 10:42:46,815 [INFO] __main__: 抓取完成，共 1000 个商品
2026-05-11 10:42:46,834 [INFO] __main__: 品类标签完成
2026-05-11 10:42:46,834 [INFO] __main__: 开始过滤商品...
2026-05-11 10:42:46,836 [INFO] __main__: 过滤后剩余 962 个商品
2026-05-11 10:42:46,837 [INFO] __main__: 开始计算评分...
2026-05-11 10:42:50,961 [INFO] __main__: 筛选出 0 个高分商品
2026-05-11 10:42:50,961 [INFO] __main__: 没有需要通知的商品
2026-05-11 10:42:50,964 [INFO] __main__: 已清理 30 天前的旧数据
2026-05-11 10:42:50,964 [INFO] __main__: ==================================================
2026-05-11 10:42:50,965 [INFO] __main__: 监控完成
2026-05-11 10:42:50,965 [INFO] __main__: ==================================================
2026-05-11 10:55:45,888 [INFO] __main__: ==================================================
2026-05-11 10:55:45,888 [INFO] __main__: 开始什么值得买好价监控
2026-05-11 10:55:45,888 [INFO] __main__: ==================================================
2026-05-11 10:55:45,892 [INFO] __main__: 配置加载完成
2026-05-11 10:55:45,893 [INFO] __main__: 数据库初始化完成
2026-05-11 10:55:45,893 [INFO] __main__: 品类偏好初始化完成
2026-05-11 10:55:45,893 [INFO] __main__: 检查邮件反馈...
2026-05-11 10:55:59,451 [INFO] src.feedback.parser: 解析到 3 条反馈
2026-05-11 10:55:59,805 [INFO] src.feedback.parser: 解析到 3 条反馈
2026-05-11 10:55:59,805 [INFO] src.feedback.parser: 解析到 5 条设置
2026-05-11 10:55:59,859 [INFO] src.feedback.parser: 记录反馈: 400001 -> helpful (None)
2026-05-11 10:55:59,862 [INFO] src.feedback.parser: 记录反馈: 400003 -> helpful (None)
2026-05-11 10:55:59,866 [INFO] src.feedback.parser: 记录反馈: 400002 -> not_helpful (None)
2026-05-11 10:55:59,870 [INFO] src.feedback.parser: 记录反馈: 500001 -> helpful (None)
2026-05-11 10:55:59,873 [INFO] src.feedback.parser: 记录反馈: 500002 -> helpful (None)
2026-05-11 10:55:59,877 [INFO] src.feedback.parser: 记录反馈: 500003 -> not_helpful (None)
2026-05-11 10:55:59,881 [INFO] src.scorer.preference: 手动设置偏好: 母婴 = -100
2026-05-11 10:55:59,881 [INFO] src.feedback.parser: 更新偏好: 母婴 = -100
2026-05-11 10:55:59,884 [INFO] src.scorer.preference: 手动设置偏好: 数码 = 50
2026-05-11 10:55:59,884 [INFO] src.feedback.parser: 更新偏好: 数码 = 50
2026-05-11 10:55:59,887 [INFO] src.scorer.preference: 手动设置偏好: 零食 = 0
2026-05-11 10:55:59,887 [INFO] src.feedback.parser: 更新偏好: 零食 = 0
2026-05-11 10:55:59,888 [INFO] src.scorer.preference: 手动设置偏好: 母婴 = -100
2026-05-11 10:55:59,888 [INFO] src.feedback.parser: 更新偏好: 母婴 = -100
2026-05-11 10:55:59,893 [INFO] src.scorer.preference: 手动设置偏好: 数码 = 30
2026-05-11 10:55:59,893 [INFO] src.feedback.parser: 更新偏好: 数码 = 30
2026-05-11 10:55:59,893 [INFO] __main__: 收到 6 条反馈
2026-05-11 10:56:13,101 [INFO] src.proxy.manager: 获取到 0 个可用代理
2026-05-11 10:56:13,101 [INFO] __main__: 代理管理器初始化完成，可用代理: 0 个
2026-05-11 10:56:13,101 [INFO] __main__: 爬虫初始化完成
2026-05-11 10:56:13,101 [INFO] __main__: 评分器初始化完成
2026-05-11 10:56:13,101 [INFO] __main__: 通知器初始化完成
2026-05-11 10:56:13,101 [INFO] __main__: 开始抓取商品...
2026-05-11 10:56:15,441 [WARNING] src.crawler.smzdm: 解析商品失败: name 'datetime' is not defined
2026-05-11 10:56:15,441 [WARNING] src.crawler.smzdm: 解析商品失败: name 'datetime' is not defined
2026-05-11 10:56:15,441 [WARNING] src.crawler.smzdm: 解析商品失败: name 'datetime' is not defined
2026-05-11 10:56:15,441 [WARNING] src.crawler.smzdm: 解析商品失败: name 'datetime' is not defined
2026-05-11 10:56:15,441 [WARNING] src.crawler.smzdm: 解析商品失败: name 'datetime' is not defined
2026-05-11 10:56:15,441 [WARNING] src.crawler.smzdm: 解析商品失败: name 'datetime' is not defined
2026-05-11 10:56:15,442 [WARNING] src.crawler.smzdm: 解析商品失败: name 'datetime' is not defined
2026-05-11 10:56:15,442 [WARNING] src.crawler.smzdm: 解析商品失败: name 'datetime' is not defined
2026-05-11 10:56:15,442 [WARNING] src.crawler.smzdm: 解析商品失败: name 'datetime' is not defined
2026-05-11 10:56:15,442 [WARNING] src.crawler.smzdm: 解析商品失败: name 'datetime' is not defined
2026-05-11 10:56:15,442 [WARNING] src.crawler.smzdm: 解析商品失败: name 'datetime' is not defined
2026-05-11 10:56:15,442 [WARNING] src.crawler.smzdm: 解析商品失败: name 'datetime' is not defined
2026-05-11 10:56:15,442 [WARNING] src.crawler.smzdm: 解析商品失败: name 'datetime' is not defined
2026-05-11 10:56:15,442 [WARNING] src.crawler.smzdm: 解析商品失败: name 'datetime' is not defined
2026-05-11 10:56:15,442 [WARNING] src.crawler.smzdm: 解析商品失败: name 'datetime' is not defined
2026-05-11 10:56:15,442 [WARNING] src.crawler.smzdm: 解析商品失败: name 'datetime' is not defined
2026-05-11 10:56:15,442 [WARNING] src.crawler.smzdm: 解析商品失败: name 'datetime' is not defined
2026-05-11 10:56:15,443 [WARNING] src.crawler.smzdm: 解析商品失败: name 'datetime' is not defined
2026-05-11 10:56:15,443 [WARNING] src.crawler.smzdm: 解析商品失败: name 'datetime' is not defined
2026-05-11 10:56:15,443 [WARNING] src.crawler.smzdm: 解析商品失败: name 'datetime' is not defined
2026-05-11 10:56:15,443 [INFO] src.crawler.smzdm: 第1页: 获取0个商品 (耗时0.9s)
2026-05-11 10:56:15,443 [INFO] __main__: 抓取完成，共 0 个商品
2026-05-11 10:56:15,443 [WARNING] __main__: 未抓取到任何商品
2026-05-11 10:56:53,708 [INFO] __main__: ==================================================
2026-05-11 10:56:53,708 [INFO] __main__: 开始什么值得买好价监控
2026-05-11 10:56:53,708 [INFO] __main__: ==================================================
2026-05-11 10:56:53,712 [INFO] __main__: 配置加载完成
2026-05-11 10:56:53,713 [INFO] __main__: 数据库初始化完成
2026-05-11 10:56:53,713 [INFO] __main__: 品类偏好初始化完成
2026-05-11 10:56:53,713 [INFO] __main__: 检查邮件反馈...
2026-05-11 10:57:06,725 [INFO] src.feedback.parser: 解析到 3 条反馈
2026-05-11 10:57:06,949 [INFO] src.feedback.parser: 解析到 3 条反馈
2026-05-11 10:57:06,949 [INFO] src.feedback.parser: 解析到 5 条设置
2026-05-11 10:57:07,007 [INFO] src.feedback.parser: 记录反馈: 400001 -> helpful (None)
2026-05-11 10:57:07,011 [INFO] src.feedback.parser: 记录反馈: 400003 -> helpful (None)
2026-05-11 10:57:07,016 [INFO] src.feedback.parser: 记录反馈: 400002 -> not_helpful (None)
2026-05-11 10:57:07,020 [INFO] src.feedback.parser: 记录反馈: 500001 -> helpful (None)
2026-05-11 10:57:07,023 [INFO] src.feedback.parser: 记录反馈: 500002 -> helpful (None)
2026-05-11 10:57:07,027 [INFO] src.feedback.parser: 记录反馈: 500003 -> not_helpful (None)
2026-05-11 10:57:07,030 [INFO] src.scorer.preference: 手动设置偏好: 母婴 = -100
2026-05-11 10:57:07,030 [INFO] src.feedback.parser: 更新偏好: 母婴 = -100
2026-05-11 10:57:07,033 [INFO] src.scorer.preference: 手动设置偏好: 数码 = 50
2026-05-11 10:57:07,033 [INFO] src.feedback.parser: 更新偏好: 数码 = 50
2026-05-11 10:57:07,036 [INFO] src.scorer.preference: 手动设置偏好: 零食 = 0
2026-05-11 10:57:07,036 [INFO] src.feedback.parser: 更新偏好: 零食 = 0
2026-05-11 10:57:07,037 [INFO] src.scorer.preference: 手动设置偏好: 母婴 = -100
2026-05-11 10:57:07,037 [INFO] src.feedback.parser: 更新偏好: 母婴 = -100
2026-05-11 10:57:07,040 [INFO] src.scorer.preference: 手动设置偏好: 数码 = 30
2026-05-11 10:57:07,040 [INFO] src.feedback.parser: 更新偏好: 数码 = 30
2026-05-11 10:57:07,040 [INFO] __main__: 收到 6 条反馈
2026-05-11 10:57:19,690 [INFO] src.proxy.manager: 获取到 0 个可用代理
2026-05-11 10:57:19,690 [INFO] __main__: 代理管理器初始化完成，可用代理: 0 个
2026-05-11 10:57:19,691 [INFO] __main__: 爬虫初始化完成
2026-05-11 10:57:19,691 [INFO] __main__: 评分器初始化完成
2026-05-11 10:57:19,691 [INFO] __main__: 通知器初始化完成
2026-05-11 10:57:19,691 [INFO] __main__: 开始抓取商品...
2026-05-11 10:57:21,358 [INFO] src.crawler.smzdm: 第1页: 获取20个商品 (耗时0.8s)
2026-05-11 10:57:21,359 [INFO] src.crawler.smzdm: 已抓取 20 个商品
2026-05-11 10:57:23,349 [INFO] src.crawler.smzdm: 第2页: 获取20个商品 (耗时0.6s)
2026-05-11 10:57:23,349 [INFO] src.crawler.smzdm: 已抓取 40 个商品
2026-05-11 10:57:25,106 [INFO] src.crawler.smzdm: 第3页: 获取20个商品 (耗时0.6s)
2026-05-11 10:57:25,106 [INFO] src.crawler.smzdm: 已抓取 60 个商品
2026-05-11 10:57:26,495 [INFO] src.crawler.smzdm: 第4页: 获取20个商品 (耗时0.5s)
2026-05-11 10:57:26,495 [INFO] src.crawler.smzdm: 已抓取 80 个商品
2026-05-11 10:57:28,065 [INFO] src.crawler.smzdm: 第5页: 获取20个商品 (耗时0.6s)
2026-05-11 10:57:28,065 [INFO] src.crawler.smzdm: 已抓取 100 个商品
2026-05-11 10:57:29,452 [INFO] src.crawler.smzdm: 第6页: 获取20个商品 (耗时0.8s)
2026-05-11 10:57:29,452 [INFO] src.crawler.smzdm: 已抓取 120 个商品
2026-05-11 10:57:30,782 [INFO] src.crawler.smzdm: 第7页: 获取20个商品 (耗时0.7s)
2026-05-11 10:57:30,782 [INFO] src.crawler.smzdm: 已抓取 140 个商品
2026-05-11 10:57:32,000 [INFO] src.crawler.smzdm: 第8页: 获取20个商品 (耗时0.6s)
2026-05-11 10:57:32,001 [INFO] src.crawler.smzdm: 已抓取 160 个商品
2026-05-11 10:57:33,105 [INFO] src.crawler.smzdm: 第9页: 获取20个商品 (耗时0.6s)
2026-05-11 10:57:33,105 [INFO] src.crawler.smzdm: 已抓取 180 个商品
2026-05-11 10:57:35,273 [INFO] src.crawler.smzdm: 第10页: 获取20个商品 (耗时0.7s)
2026-05-11 10:57:35,273 [INFO] src.crawler.smzdm: 已抓取 200 个商品
2026-05-11 10:57:36,574 [INFO] src.crawler.smzdm: 第11页: 获取20个商品 (耗时0.6s)
2026-05-11 10:57:36,574 [INFO] src.crawler.smzdm: 已抓取 220 个商品
2026-05-11 10:57:38,324 [INFO] src.crawler.smzdm: 第12页: 获取20个商品 (耗时0.7s)
2026-05-11 10:57:38,324 [INFO] src.crawler.smzdm: 已抓取 240 个商品
2026-05-11 10:57:39,742 [INFO] src.crawler.smzdm: 第13页: 获取20个商品 (耗时0.5s)
2026-05-11 10:57:39,742 [INFO] src.crawler.smzdm: 已抓取 260 个商品
2026-05-11 10:57:41,867 [INFO] src.crawler.smzdm: 第14页: 获取20个商品 (耗时0.7s)
2026-05-11 10:57:41,868 [INFO] src.crawler.smzdm: 已抓取 280 个商品
2026-05-11 10:57:43,148 [INFO] src.crawler.smzdm: 第15页: 获取20个商品 (耗时0.5s)
2026-05-11 10:57:43,148 [INFO] src.crawler.smzdm: 已抓取 300 个商品
2026-05-11 10:57:44,395 [INFO] src.crawler.smzdm: 第16页: 获取20个商品 (耗时0.6s)
2026-05-11 10:57:44,395 [INFO] src.crawler.smzdm: 已抓取 320 个商品
2026-05-11 10:57:45,497 [INFO] src.crawler.smzdm: 第17页: 获取20个商品 (耗时0.5s)
2026-05-11 10:57:45,497 [INFO] src.crawler.smzdm: 已抓取 340 个商品
2026-05-11 10:57:47,344 [INFO] src.crawler.smzdm: 第18页: 获取20个商品 (耗时0.5s)
2026-05-11 10:57:47,344 [INFO] src.crawler.smzdm: 已抓取 360 个商品
2026-05-11 10:57:48,488 [INFO] src.crawler.smzdm: 第19页: 获取20个商品 (耗时0.6s)
2026-05-11 10:57:48,488 [INFO] src.crawler.smzdm: 已抓取 380 个商品
2026-05-11 10:57:49,986 [INFO] src.crawler.smzdm: 第20页: 获取20个商品 (耗时0.6s)
2026-05-11 10:57:49,987 [INFO] src.crawler.smzdm: 已抓取 400 个商品
2026-05-11 10:57:51,733 [INFO] src.crawler.smzdm: 第21页: 获取20个商品 (耗时0.5s)
2026-05-11 10:57:51,734 [INFO] src.crawler.smzdm: 已抓取 420 个商品
2026-05-11 10:57:53,794 [INFO] src.crawler.smzdm: 第22页: 获取20个商品 (耗时0.6s)
2026-05-11 10:57:53,794 [INFO] src.crawler.smzdm: 已抓取 440 个商品
2026-05-11 10:57:55,912 [INFO] src.crawler.smzdm: 第23页: 获取20个商品 (耗时0.7s)
2026-05-11 10:57:55,913 [INFO] src.crawler.smzdm: 已抓取 460 个商品
2026-05-11 10:57:57,740 [INFO] src.crawler.smzdm: 第24页: 获取20个商品 (耗时0.5s)
2026-05-11 10:57:57,741 [INFO] src.crawler.smzdm: 已抓取 480 个商品
2026-05-11 10:57:59,794 [INFO] src.crawler.smzdm: 第25页: 获取20个商品 (耗时0.6s)
2026-05-11 10:57:59,794 [INFO] src.crawler.smzdm: 已抓取 500 个商品
2026-05-11 10:58:01,057 [INFO] src.crawler.smzdm: 第26页: 获取20个商品 (耗时0.6s)
2026-05-11 10:58:01,057 [INFO] src.crawler.smzdm: 已抓取 520 个商品
2026-05-11 10:58:02,246 [INFO] src.crawler.smzdm: 第27页: 获取20个商品 (耗时0.6s)
2026-05-11 10:58:02,246 [INFO] src.crawler.smzdm: 已抓取 540 个商品
2026-05-11 10:58:03,513 [INFO] src.crawler.smzdm: 第28页: 获取20个商品 (耗时0.6s)
2026-05-11 10:58:03,514 [INFO] src.crawler.smzdm: 已抓取 560 个商品
2026-05-11 10:58:05,440 [INFO] src.crawler.smzdm: 第29页: 获取20个商品 (耗时0.6s)
2026-05-11 10:58:05,440 [INFO] src.crawler.smzdm: 已抓取 580 个商品
2026-05-11 10:58:07,343 [INFO] src.crawler.smzdm: 第30页: 获取20个商品 (耗时0.6s)
2026-05-11 10:58:07,343 [INFO] src.crawler.smzdm: 已抓取 600 个商品
2026-05-11 10:58:09,253 [INFO] src.crawler.smzdm: 第31页: 获取20个商品 (耗时0.5s)
2026-05-11 10:58:09,253 [INFO] src.crawler.smzdm: 已抓取 620 个商品
2026-05-11 10:58:10,923 [INFO] src.crawler.smzdm: 第32页: 获取20个商品 (耗时0.5s)
2026-05-11 10:58:10,923 [INFO] src.crawler.smzdm: 已抓取 640 个商品
2026-05-11 10:58:12,700 [INFO] src.crawler.smzdm: 第33页: 获取20个商品 (耗时0.5s)
2026-05-11 10:58:12,700 [INFO] src.crawler.smzdm: 已抓取 660 个商品
2026-05-11 10:58:14,415 [INFO] src.crawler.smzdm: 第34页: 获取20个商品 (耗时0.8s)
2026-05-11 10:58:14,416 [INFO] src.crawler.smzdm: 已抓取 680 个商品
2026-05-11 10:58:16,155 [INFO] src.crawler.smzdm: 第35页: 获取20个商品 (耗时0.7s)
2026-05-11 10:58:16,156 [INFO] src.crawler.smzdm: 已抓取 700 个商品
2026-05-11 10:58:17,447 [INFO] src.crawler.smzdm: 第36页: 获取20个商品 (耗时0.8s)
2026-05-11 10:58:17,447 [INFO] src.crawler.smzdm: 已抓取 720 个商品
2026-05-11 10:58:19,491 [INFO] src.crawler.smzdm: 第37页: 获取20个商品 (耗时0.6s)
2026-05-11 10:58:19,491 [INFO] src.crawler.smzdm: 已抓取 740 个商品
2026-05-11 10:58:21,152 [INFO] src.crawler.smzdm: 第38页: 获取20个商品 (耗时0.6s)
2026-05-11 10:58:21,153 [INFO] src.crawler.smzdm: 已抓取 760 个商品
2026-05-11 10:58:23,178 [INFO] src.crawler.smzdm: 第39页: 获取20个商品 (耗时0.5s)
2026-05-11 10:58:23,178 [INFO] src.crawler.smzdm: 已抓取 780 个商品
2026-05-11 10:58:24,537 [INFO] src.crawler.smzdm: 第40页: 获取20个商品 (耗时0.6s)
2026-05-11 10:58:24,537 [INFO] src.crawler.smzdm: 已抓取 800 个商品
2026-05-11 10:58:26,216 [INFO] src.crawler.smzdm: 第41页: 获取20个商品 (耗时0.7s)
2026-05-11 10:58:26,216 [INFO] src.crawler.smzdm: 已抓取 820 个商品
2026-05-11 10:58:27,955 [INFO] src.crawler.smzdm: 第42页: 获取20个商品 (耗时0.5s)
2026-05-11 10:58:27,955 [INFO] src.crawler.smzdm: 已抓取 840 个商品
2026-05-11 10:58:29,753 [INFO] src.crawler.smzdm: 第43页: 获取20个商品 (耗时0.6s)
2026-05-11 10:58:29,753 [INFO] src.crawler.smzdm: 已抓取 860 个商品
2026-05-11 10:58:31,712 [INFO] src.crawler.smzdm: 第44页: 获取20个商品 (耗时0.6s)
2026-05-11 10:58:31,712 [INFO] src.crawler.smzdm: 已抓取 880 个商品
2026-05-11 10:58:33,261 [INFO] src.crawler.smzdm: 第45页: 获取20个商品 (耗时0.5s)
2026-05-11 10:58:33,261 [INFO] src.crawler.smzdm: 已抓取 900 个商品
2026-05-11 10:58:34,306 [INFO] src.crawler.smzdm: 第46页: 获取20个商品 (耗时0.5s)
2026-05-11 10:58:34,307 [INFO] src.crawler.smzdm: 已抓取 920 个商品
2026-05-11 10:58:36,588 [INFO] src.crawler.smzdm: 第47页: 获取20个商品 (耗时0.8s)
2026-05-11 10:58:36,588 [INFO] src.crawler.smzdm: 已抓取 940 个商品
2026-05-11 10:58:38,453 [INFO] src.crawler.smzdm: 第48页: 获取20个商品 (耗时0.8s)
2026-05-11 10:58:38,453 [INFO] src.crawler.smzdm: 已抓取 960 个商品
2026-05-11 10:58:40,143 [INFO] src.crawler.smzdm: 第49页: 获取20个商品 (耗时0.7s)
2026-05-11 10:58:40,144 [INFO] src.crawler.smzdm: 已抓取 980 个商品
2026-05-11 10:58:41,816 [INFO] src.crawler.smzdm: 第50页: 获取20个商品 (耗时0.7s)
2026-05-11 10:58:41,816 [INFO] src.crawler.smzdm: 已抓取 1000 个商品
2026-05-11 10:58:41,816 [INFO] __main__: 抓取完成，共 1000 个商品
2026-05-11 10:58:41,830 [INFO] __main__: 品类标签完成
2026-05-11 10:58:41,830 [INFO] __main__: 开始过滤商品...
2026-05-11 10:58:41,832 [INFO] __main__: 过滤后剩余 952 个商品
2026-05-11 10:58:41,832 [INFO] __main__: 开始计算评分...
2026-05-11 10:58:42,344 [INFO] __main__: 筛选出 0 个高分商品
2026-05-11 10:58:42,344 [INFO] __main__: 没有需要通知的商品
2026-05-11 10:58:42,345 [INFO] __main__: 已清理 30 天前的旧数据
2026-05-11 10:58:42,346 [INFO] __main__: ==================================================
2026-05-11 10:58:42,346 [INFO] __main__: 监控完成
2026-05-11 10:58:42,346 [INFO] __main__: ==================================================
2026-05-11 12:00:28,506 [INFO] __main__: ==================================================
2026-05-11 12:00:28,506 [INFO] __main__: 开始什么值得买好价监控
2026-05-11 12:00:28,506 [INFO] __main__: ==================================================
2026-05-11 12:00:28,510 [INFO] __main__: 配置加载完成
2026-05-11 12:00:28,511 [INFO] __main__: 数据库初始化完成
2026-05-11 12:00:28,511 [INFO] __main__: 品类偏好初始化完成
2026-05-11 12:00:28,511 [INFO] __main__: 检查邮件反馈...
2026-05-11 12:00:43,528 [INFO] src.feedback.parser: 解析到 3 条反馈
2026-05-11 12:00:43,832 [INFO] src.feedback.parser: 解析到 3 条反馈
2026-05-11 12:00:43,833 [INFO] src.feedback.parser: 解析到 5 条设置
2026-05-11 12:00:43,886 [INFO] src.feedback.parser: 记录反馈: 400001 -> helpful (None)
2026-05-11 12:00:43,891 [INFO] src.feedback.parser: 记录反馈: 400003 -> helpful (None)
2026-05-11 12:00:43,895 [INFO] src.feedback.parser: 记录反馈: 400002 -> not_helpful (None)
2026-05-11 12:00:43,898 [INFO] src.feedback.parser: 记录反馈: 500001 -> helpful (None)
2026-05-11 12:00:43,902 [INFO] src.feedback.parser: 记录反馈: 500002 -> helpful (None)
2026-05-11 12:00:43,906 [INFO] src.feedback.parser: 记录反馈: 500003 -> not_helpful (None)
2026-05-11 12:00:43,909 [INFO] src.scorer.preference: 手动设置偏好: 母婴 = -100
2026-05-11 12:00:43,909 [INFO] src.feedback.parser: 更新偏好: 母婴 = -100
2026-05-11 12:00:43,912 [INFO] src.scorer.preference: 手动设置偏好: 数码 = 50
2026-05-11 12:00:43,912 [INFO] src.feedback.parser: 更新偏好: 数码 = 50
2026-05-11 12:00:43,915 [INFO] src.scorer.preference: 手动设置偏好: 零食 = 0
2026-05-11 12:00:43,915 [INFO] src.feedback.parser: 更新偏好: 零食 = 0
2026-05-11 12:00:43,916 [INFO] src.scorer.preference: 手动设置偏好: 母婴 = -100
2026-05-11 12:00:43,916 [INFO] src.feedback.parser: 更新偏好: 母婴 = -100
2026-05-11 12:00:43,919 [INFO] src.scorer.preference: 手动设置偏好: 数码 = 30
2026-05-11 12:00:43,919 [INFO] src.feedback.parser: 更新偏好: 数码 = 30
2026-05-11 12:00:43,919 [INFO] __main__: 收到 6 条反馈
2026-05-11 12:01:01,298 [INFO] src.proxy.manager: 获取到 0 个可用代理
2026-05-11 12:01:01,298 [INFO] __main__: 代理管理器初始化完成，可用代理: 0 个
2026-05-11 12:01:01,299 [INFO] __main__: 爬虫初始化完成
2026-05-11 12:01:01,299 [INFO] __main__: 评分器初始化完成
2026-05-11 12:01:01,299 [INFO] __main__: 通知器初始化完成
2026-05-11 12:01:01,299 [INFO] __main__: 开始抓取商品...
2026-05-11 12:01:03,321 [INFO] src.crawler.smzdm: 第1页: 获取20个商品 (耗时0.9s)
2026-05-11 12:01:03,322 [INFO] src.crawler.smzdm: 已抓取 20 个商品
2026-05-11 12:01:05,299 [INFO] src.crawler.smzdm: 第2页: 获取20个商品 (耗时0.7s)
2026-05-11 12:01:05,299 [INFO] src.crawler.smzdm: 已抓取 40 个商品
2026-05-11 12:01:07,281 [INFO] src.crawler.smzdm: 第3页: 获取20个商品 (耗时0.7s)
2026-05-11 12:01:07,281 [INFO] src.crawler.smzdm: 已抓取 60 个商品
2026-05-11 12:01:09,246 [INFO] src.crawler.smzdm: 第4页: 获取20个商品 (耗时0.5s)
2026-05-11 12:01:09,246 [INFO] src.crawler.smzdm: 已抓取 80 个商品
2026-05-11 12:01:11,287 [INFO] src.crawler.smzdm: 第5页: 获取20个商品 (耗时0.7s)
2026-05-11 12:01:11,288 [INFO] src.crawler.smzdm: 已抓取 100 个商品
2026-05-11 12:01:12,842 [INFO] src.crawler.smzdm: 第6页: 获取20个商品 (耗时0.7s)
2026-05-11 12:01:12,843 [INFO] src.crawler.smzdm: 已抓取 120 个商品
2026-05-11 12:01:14,009 [INFO] src.crawler.smzdm: 第7页: 获取20个商品 (耗时0.6s)
2026-05-11 12:01:14,009 [INFO] src.crawler.smzdm: 已抓取 140 个商品
2026-05-11 12:01:15,644 [INFO] src.crawler.smzdm: 第8页: 获取20个商品 (耗时0.5s)
2026-05-11 12:01:15,644 [INFO] src.crawler.smzdm: 已抓取 160 个商品
2026-05-11 12:01:17,309 [INFO] src.crawler.smzdm: 第9页: 获取20个商品 (耗时0.5s)
2026-05-11 12:01:17,310 [INFO] src.crawler.smzdm: 已抓取 180 个商品
2026-05-11 12:01:19,164 [INFO] src.crawler.smzdm: 第10页: 获取20个商品 (耗时0.8s)
2026-05-11 12:01:19,164 [INFO] src.crawler.smzdm: 已抓取 200 个商品
2026-05-11 12:01:20,466 [INFO] src.crawler.smzdm: 第11页: 获取20个商品 (耗时0.7s)
2026-05-11 12:01:20,466 [INFO] src.crawler.smzdm: 已抓取 220 个商品
2026-05-11 12:01:22,291 [INFO] src.crawler.smzdm: 第12页: 获取20个商品 (耗时0.5s)
2026-05-11 12:01:22,292 [INFO] src.crawler.smzdm: 已抓取 240 个商品
2026-05-11 12:01:23,663 [INFO] src.crawler.smzdm: 第13页: 获取20个商品 (耗时0.6s)
2026-05-11 12:01:23,663 [INFO] src.crawler.smzdm: 已抓取 260 个商品
2026-05-11 12:01:25,171 [INFO] src.crawler.smzdm: 第14页: 获取20个商品 (耗时0.7s)
2026-05-11 12:01:25,171 [INFO] src.crawler.smzdm: 已抓取 280 个商品
2026-05-11 12:01:26,455 [INFO] src.crawler.smzdm: 第15页: 获取20个商品 (耗时0.7s)
2026-05-11 12:01:26,456 [INFO] src.crawler.smzdm: 已抓取 300 个商品
2026-05-11 12:01:28,058 [INFO] src.crawler.smzdm: 第16页: 获取20个商品 (耗时0.5s)
2026-05-11 12:01:28,058 [INFO] src.crawler.smzdm: 已抓取 320 个商品
2026-05-11 12:01:29,964 [INFO] src.crawler.smzdm: 第17页: 获取20个商品 (耗时0.6s)
2026-05-11 12:01:29,965 [INFO] src.crawler.smzdm: 已抓取 340 个商品
2026-05-11 12:01:31,208 [INFO] src.crawler.smzdm: 第18页: 获取20个商品 (耗时0.7s)
2026-05-11 12:01:31,208 [INFO] src.crawler.smzdm: 已抓取 360 个商品
2026-05-11 12:01:33,149 [INFO] src.crawler.smzdm: 第19页: 获取20个商品 (耗时0.5s)
2026-05-11 12:01:33,149 [INFO] src.crawler.smzdm: 已抓取 380 个商品
2026-05-11 12:01:35,178 [INFO] src.crawler.smzdm: 第20页: 获取20个商品 (耗时0.6s)
2026-05-11 12:01:35,178 [INFO] src.crawler.smzdm: 已抓取 400 个商品
2026-05-11 12:01:37,356 [INFO] src.crawler.smzdm: 第21页: 获取20个商品 (耗时0.7s)
2026-05-11 12:01:37,356 [INFO] src.crawler.smzdm: 已抓取 420 个商品
2026-05-11 12:01:39,284 [INFO] src.crawler.smzdm: 第22页: 获取20个商品 (耗时0.5s)
2026-05-11 12:01:39,284 [INFO] src.crawler.smzdm: 已抓取 440 个商品
2026-05-11 12:01:40,625 [INFO] src.crawler.smzdm: 第23页: 获取20个商品 (耗时0.5s)
2026-05-11 12:01:40,625 [INFO] src.crawler.smzdm: 已抓取 460 个商品
2026-05-11 12:01:42,316 [INFO] src.crawler.smzdm: 第24页: 获取20个商品 (耗时0.6s)
2026-05-11 12:01:42,316 [INFO] src.crawler.smzdm: 已抓取 480 个商品
2026-05-11 12:01:43,664 [INFO] src.crawler.smzdm: 第25页: 获取20个商品 (耗时0.7s)
2026-05-11 12:01:43,665 [INFO] src.crawler.smzdm: 已抓取 500 个商品
2026-05-11 12:01:45,026 [INFO] src.crawler.smzdm: 第26页: 获取20个商品 (耗时0.5s)
2026-05-11 12:01:45,027 [INFO] src.crawler.smzdm: 已抓取 520 个商品
2026-05-11 12:01:46,715 [INFO] src.crawler.smzdm: 第27页: 获取20个商品 (耗时0.6s)
2026-05-11 12:01:46,716 [INFO] src.crawler.smzdm: 已抓取 540 个商品
2026-05-11 12:01:48,083 [INFO] src.crawler.smzdm: 第28页: 获取20个商品 (耗时0.7s)
2026-05-11 12:01:48,083 [INFO] src.crawler.smzdm: 已抓取 560 个商品
2026-05-11 12:01:49,325 [INFO] src.crawler.smzdm: 第29页: 获取20个商品 (耗时0.5s)
2026-05-11 12:01:49,325 [INFO] src.crawler.smzdm: 已抓取 580 个商品
2026-05-11 12:01:51,016 [INFO] src.crawler.smzdm: 第30页: 获取20个商品 (耗时0.6s)
2026-05-11 12:01:51,017 [INFO] src.crawler.smzdm: 已抓取 600 个商品
2026-05-11 12:01:53,052 [INFO] src.crawler.smzdm: 第31页: 获取20个商品 (耗时0.5s)
2026-05-11 12:01:53,052 [INFO] src.crawler.smzdm: 已抓取 620 个商品
2026-05-11 12:01:54,567 [INFO] src.crawler.smzdm: 第32页: 获取20个商品 (耗时0.5s)
2026-05-11 12:01:54,567 [INFO] src.crawler.smzdm: 已抓取 640 个商品
2026-05-11 12:01:55,778 [INFO] src.crawler.smzdm: 第33页: 获取20个商品 (耗时0.7s)
2026-05-11 12:01:55,778 [INFO] src.crawler.smzdm: 已抓取 660 个商品
2026-05-11 12:01:57,613 [INFO] src.crawler.smzdm: 第34页: 获取20个商品 (耗时0.5s)
2026-05-11 12:01:57,613 [INFO] src.crawler.smzdm: 已抓取 680 个商品
2026-05-11 12:01:58,864 [INFO] src.crawler.smzdm: 第35页: 获取20个商品 (耗时0.7s)
2026-05-11 12:01:58,864 [INFO] src.crawler.smzdm: 已抓取 700 个商品
2026-05-11 12:01:59,960 [INFO] src.crawler.smzdm: 第36页: 获取20个商品 (耗时0.6s)
2026-05-11 12:01:59,960 [INFO] src.crawler.smzdm: 已抓取 720 个商品
2026-05-11 12:02:01,046 [INFO] src.crawler.smzdm: 第37页: 获取20个商品 (耗时0.5s)
2026-05-11 12:02:01,046 [INFO] src.crawler.smzdm: 已抓取 740 个商品
2026-05-11 12:02:02,201 [INFO] src.crawler.smzdm: 第38页: 获取20个商品 (耗时0.5s)
2026-05-11 12:02:02,202 [INFO] src.crawler.smzdm: 已抓取 760 个商品
2026-05-11 12:02:04,043 [INFO] src.crawler.smzdm: 第39页: 获取20个商品 (耗时0.6s)
2026-05-11 12:02:04,044 [INFO] src.crawler.smzdm: 已抓取 780 个商品
2026-05-11 12:02:05,766 [INFO] src.crawler.smzdm: 第40页: 获取20个商品 (耗时0.5s)
2026-05-11 12:02:05,767 [INFO] src.crawler.smzdm: 已抓取 800 个商品
2026-05-11 12:02:06,884 [INFO] src.crawler.smzdm: 第41页: 获取20个商品 (耗时0.5s)
2026-05-11 12:02:06,885 [INFO] src.crawler.smzdm: 已抓取 820 个商品
2026-05-11 12:02:08,540 [INFO] src.crawler.smzdm: 第42页: 获取20个商品 (耗时0.9s)
2026-05-11 12:02:08,540 [INFO] src.crawler.smzdm: 已抓取 840 个商品
2026-05-11 12:02:10,418 [INFO] src.crawler.smzdm: 第43页: 获取20个商品 (耗时0.5s)
2026-05-11 12:02:10,418 [INFO] src.crawler.smzdm: 已抓取 860 个商品
2026-05-11 12:02:11,939 [INFO] src.crawler.smzdm: 第44页: 获取20个商品 (耗时0.6s)
2026-05-11 12:02:11,939 [INFO] src.crawler.smzdm: 已抓取 880 个商品
2026-05-11 12:02:13,867 [INFO] src.crawler.smzdm: 第45页: 获取20个商品 (耗时0.6s)
2026-05-11 12:02:13,867 [INFO] src.crawler.smzdm: 已抓取 900 个商品
2026-05-11 12:02:15,315 [INFO] src.crawler.smzdm: 第46页: 获取20个商品 (耗时0.6s)
2026-05-11 12:02:15,315 [INFO] src.crawler.smzdm: 已抓取 920 个商品
2026-05-11 12:02:16,860 [INFO] src.crawler.smzdm: 第47页: 获取20个商品 (耗时0.6s)
2026-05-11 12:02:16,860 [INFO] src.crawler.smzdm: 已抓取 940 个商品
2026-05-11 12:02:18,438 [INFO] src.crawler.smzdm: 第48页: 获取20个商品 (耗时0.5s)
2026-05-11 12:02:18,438 [INFO] src.crawler.smzdm: 已抓取 960 个商品
2026-05-11 12:02:19,841 [INFO] src.crawler.smzdm: 第49页: 获取20个商品 (耗时0.6s)
2026-05-11 12:02:19,842 [INFO] src.crawler.smzdm: 已抓取 980 个商品
2026-05-11 12:02:21,769 [INFO] src.crawler.smzdm: 第50页: 获取20个商品 (耗时0.7s)
2026-05-11 12:02:21,769 [INFO] src.crawler.smzdm: 已抓取 1000 个商品
2026-05-11 12:02:21,770 [INFO] __main__: 抓取完成，共 1000 个商品
2026-05-11 12:02:21,786 [INFO] __main__: 品类标签完成
2026-05-11 12:02:21,786 [INFO] __main__: 开始过滤商品...
2026-05-11 12:02:21,787 [INFO] __main__: 过滤后剩余 956 个商品
2026-05-11 12:02:21,787 [INFO] __main__: 开始计算评分...
2026-05-11 12:02:22,347 [INFO] __main__: 筛选出 0 个高分商品
2026-05-11 12:02:22,347 [INFO] __main__: 没有需要通知的商品
2026-05-11 12:02:22,349 [INFO] __main__: 已清理 30 天前的旧数据
2026-05-11 12:02:22,349 [INFO] __main__: ==================================================
2026-05-11 12:02:22,349 [INFO] __main__: 监控完成
2026-05-11 12:02:22,349 [INFO] __main__: ==================================================
2026-05-11 12:05:28,640 [INFO] __main__: ==================================================
2026-05-11 12:05:28,640 [INFO] __main__: 开始什么值得买好价监控
2026-05-11 12:05:28,640 [INFO] __main__: ==================================================
2026-05-11 12:05:28,644 [INFO] __main__: 配置加载完成
2026-05-11 12:05:28,644 [INFO] __main__: 数据库初始化完成
2026-05-11 12:05:28,645 [INFO] __main__: 品类偏好初始化完成
2026-05-11 12:05:28,645 [INFO] __main__: 检查邮件反馈...
2026-05-11 12:05:41,977 [INFO] src.feedback.parser: 解析到 3 条反馈
2026-05-11 12:05:42,175 [INFO] src.feedback.parser: 解析到 3 条反馈
2026-05-11 12:05:42,176 [INFO] src.feedback.parser: 解析到 5 条设置
2026-05-11 12:05:42,231 [INFO] src.feedback.parser: 记录反馈: 400001 -> helpful (None)
2026-05-11 12:05:42,235 [INFO] src.feedback.parser: 记录反馈: 400003 -> helpful (None)
2026-05-11 12:05:42,239 [INFO] src.feedback.parser: 记录反馈: 400002 -> not_helpful (None)
2026-05-11 12:05:42,242 [INFO] src.feedback.parser: 记录反馈: 500001 -> helpful (None)
2026-05-11 12:05:42,245 [INFO] src.feedback.parser: 记录反馈: 500002 -> helpful (None)
2026-05-11 12:05:42,249 [INFO] src.feedback.parser: 记录反馈: 500003 -> not_helpful (None)
2026-05-11 12:05:42,252 [INFO] src.scorer.preference: 手动设置偏好: 母婴 = -100
2026-05-11 12:05:42,253 [INFO] src.feedback.parser: 更新偏好: 母婴 = -100
2026-05-11 12:05:42,256 [INFO] src.scorer.preference: 手动设置偏好: 数码 = 50
2026-05-11 12:05:42,256 [INFO] src.feedback.parser: 更新偏好: 数码 = 50
2026-05-11 12:05:42,259 [INFO] src.scorer.preference: 手动设置偏好: 零食 = 0
2026-05-11 12:05:42,259 [INFO] src.feedback.parser: 更新偏好: 零食 = 0
2026-05-11 12:05:42,259 [INFO] src.scorer.preference: 手动设置偏好: 母婴 = -100
2026-05-11 12:05:42,260 [INFO] src.feedback.parser: 更新偏好: 母婴 = -100
2026-05-11 12:05:42,262 [INFO] src.scorer.preference: 手动设置偏好: 数码 = 30
2026-05-11 12:05:42,263 [INFO] src.feedback.parser: 更新偏好: 数码 = 30
2026-05-11 12:05:42,263 [INFO] __main__: 收到 6 条反馈
2026-05-11 12:05:55,490 [INFO] src.proxy.manager: 获取到 0 个可用代理
2026-05-11 12:05:55,490 [INFO] __main__: 代理管理器初始化完成，可用代理: 0 个
2026-05-11 12:05:55,491 [INFO] __main__: 爬虫初始化完成
2026-05-11 12:05:55,491 [INFO] __main__: 评分器初始化完成
2026-05-11 12:05:55,491 [INFO] __main__: 通知器初始化完成
2026-05-11 12:05:55,491 [INFO] __main__: 开始抓取商品...
2026-05-11 12:05:57,426 [INFO] src.crawler.smzdm: 第1页: 获取20个商品 (耗时0.6s)
2026-05-11 12:05:57,426 [INFO] src.crawler.smzdm: 已抓取 20 个商品
2026-05-11 12:05:58,912 [INFO] src.crawler.smzdm: 第2页: 获取20个商品 (耗时0.6s)
2026-05-11 12:05:58,912 [INFO] src.crawler.smzdm: 已抓取 40 个商品
2026-05-11 12:06:00,412 [INFO] src.crawler.smzdm: 第3页: 获取20个商品 (耗时0.6s)
2026-05-11 12:06:00,413 [INFO] src.crawler.smzdm: 已抓取 60 个商品
2026-05-11 12:06:02,405 [INFO] src.crawler.smzdm: 第4页: 获取20个商品 (耗时0.5s)
2026-05-11 12:06:02,405 [INFO] src.crawler.smzdm: 已抓取 80 个商品
2026-05-11 12:06:04,104 [INFO] src.crawler.smzdm: 第5页: 获取20个商品 (耗时0.7s)
2026-05-11 12:06:04,104 [INFO] src.crawler.smzdm: 已抓取 100 个商品
2026-05-11 12:06:05,227 [INFO] src.crawler.smzdm: 第6页: 获取20个商品 (耗时0.6s)
2026-05-11 12:06:05,227 [INFO] src.crawler.smzdm: 已抓取 120 个商品
2026-05-11 12:06:06,451 [INFO] src.crawler.smzdm: 第7页: 获取20个商品 (耗时0.5s)
2026-05-11 12:06:06,451 [INFO] src.crawler.smzdm: 已抓取 140 个商品
2026-05-11 12:06:07,820 [INFO] src.crawler.smzdm: 第8页: 获取20个商品 (耗时0.5s)
2026-05-11 12:06:07,820 [INFO] src.crawler.smzdm: 已抓取 160 个商品
2026-05-11 12:06:09,781 [INFO] src.crawler.smzdm: 第9页: 获取20个商品 (耗时0.5s)
2026-05-11 12:06:09,781 [INFO] src.crawler.smzdm: 已抓取 180 个商品
2026-05-11 12:06:11,149 [INFO] src.crawler.smzdm: 第10页: 获取20个商品 (耗时0.6s)
2026-05-11 12:06:11,150 [INFO] src.crawler.smzdm: 已抓取 200 个商品
2026-05-11 12:06:12,302 [INFO] src.crawler.smzdm: 第11页: 获取20个商品 (耗时0.5s)
2026-05-11 12:06:12,302 [INFO] src.crawler.smzdm: 已抓取 220 个商品
2026-05-11 12:06:13,880 [INFO] src.crawler.smzdm: 第12页: 获取20个商品 (耗时0.7s)
2026-05-11 12:06:13,880 [INFO] src.crawler.smzdm: 已抓取 240 个商品
2026-05-11 12:06:15,420 [INFO] src.crawler.smzdm: 第13页: 获取20个商品 (耗时0.5s)
2026-05-11 12:06:15,420 [INFO] src.crawler.smzdm: 已抓取 260 个商品
2026-05-11 12:06:17,500 [INFO] src.crawler.smzdm: 第14页: 获取20个商品 (耗时0.6s)
2026-05-11 12:06:17,500 [INFO] src.crawler.smzdm: 已抓取 280 个商品
2026-05-11 12:06:19,124 [INFO] src.crawler.smzdm: 第15页: 获取20个商品 (耗时0.5s)
2026-05-11 12:06:19,125 [INFO] src.crawler.smzdm: 已抓取 300 个商品
2026-05-11 12:06:20,942 [INFO] src.crawler.smzdm: 第16页: 获取20个商品 (耗时0.6s)
2026-05-11 12:06:20,943 [INFO] src.crawler.smzdm: 已抓取 320 个商品
2026-05-11 12:06:23,029 [INFO] src.crawler.smzdm: 第17页: 获取20个商品 (耗时0.6s)
2026-05-11 12:06:23,029 [INFO] src.crawler.smzdm: 已抓取 340 个商品
2026-05-11 12:06:24,634 [INFO] src.crawler.smzdm: 第18页: 获取20个商品 (耗时0.7s)
2026-05-11 12:06:24,634 [INFO] src.crawler.smzdm: 已抓取 360 个商品
2026-05-11 12:06:26,214 [INFO] src.crawler.smzdm: 第19页: 获取20个商品 (耗时0.8s)
2026-05-11 12:06:26,214 [INFO] src.crawler.smzdm: 已抓取 380 个商品
2026-05-11 12:06:28,247 [INFO] src.crawler.smzdm: 第20页: 获取20个商品 (耗时0.7s)
2026-05-11 12:06:28,248 [INFO] src.crawler.smzdm: 已抓取 400 个商品
2026-05-11 12:06:29,903 [INFO] src.crawler.smzdm: 第21页: 获取20个商品 (耗时0.6s)
2026-05-11 12:06:29,903 [INFO] src.crawler.smzdm: 已抓取 420 个商品
2026-05-11 12:06:31,236 [INFO] src.crawler.smzdm: 第22页: 获取20个商品 (耗时0.7s)
2026-05-11 12:06:31,236 [INFO] src.crawler.smzdm: 已抓取 440 个商品
2026-05-11 12:06:32,985 [INFO] src.crawler.smzdm: 第23页: 获取20个商品 (耗时0.8s)
2026-05-11 12:06:32,985 [INFO] src.crawler.smzdm: 已抓取 460 个商品
2026-05-11 12:06:34,819 [INFO] src.crawler.smzdm: 第24页: 获取20个商品 (耗时0.5s)
2026-05-11 12:06:34,819 [INFO] src.crawler.smzdm: 已抓取 480 个商品
2026-05-11 12:06:36,269 [INFO] src.crawler.smzdm: 第25页: 获取20个商品 (耗时0.7s)
2026-05-11 12:06:36,270 [INFO] src.crawler.smzdm: 已抓取 500 个商品
2026-05-11 12:06:37,634 [INFO] src.crawler.smzdm: 第26页: 获取20个商品 (耗时0.5s)
2026-05-11 12:06:37,634 [INFO] src.crawler.smzdm: 已抓取 520 个商品
2026-05-11 12:06:38,998 [INFO] src.crawler.smzdm: 第27页: 获取20个商品 (耗时0.5s)
2026-05-11 12:06:38,999 [INFO] src.crawler.smzdm: 已抓取 540 个商品
2026-05-11 12:06:40,615 [INFO] src.crawler.smzdm: 第28页: 获取20个商品 (耗时0.5s)
2026-05-11 12:06:40,615 [INFO] src.crawler.smzdm: 已抓取 560 个商品
2026-05-11 12:06:42,217 [INFO] src.crawler.smzdm: 第29页: 获取20个商品 (耗时0.6s)
2026-05-11 12:06:42,217 [INFO] src.crawler.smzdm: 已抓取 580 个商品
2026-05-11 12:06:43,228 [INFO] src.crawler.smzdm: 第30页: 获取20个商品 (耗时0.5s)
2026-05-11 12:06:43,228 [INFO] src.crawler.smzdm: 已抓取 600 个商品
2026-05-11 12:06:44,956 [INFO] src.crawler.smzdm: 第31页: 获取20个商品 (耗时0.5s)
2026-05-11 12:06:44,957 [INFO] src.crawler.smzdm: 已抓取 620 个商品
2026-05-11 12:06:46,181 [INFO] src.crawler.smzdm: 第32页: 获取20个商品 (耗时0.7s)
2026-05-11 12:06:46,181 [INFO] src.crawler.smzdm: 已抓取 640 个商品
2026-05-11 12:06:47,876 [INFO] src.crawler.smzdm: 第33页: 获取20个商品 (耗时0.5s)
2026-05-11 12:06:47,876 [INFO] src.crawler.smzdm: 已抓取 660 个商品
2026-05-11 12:06:49,875 [INFO] src.crawler.smzdm: 第34页: 获取20个商品 (耗时0.7s)
2026-05-11 12:06:49,875 [INFO] src.crawler.smzdm: 已抓取 680 个商品
2026-05-11 12:06:51,197 [INFO] src.crawler.smzdm: 第35页: 获取20个商品 (耗时0.5s)
2026-05-11 12:06:51,197 [INFO] src.crawler.smzdm: 已抓取 700 个商品
2026-05-11 12:06:52,938 [INFO] src.crawler.smzdm: 第36页: 获取20个商品 (耗时0.7s)
2026-05-11 12:06:52,938 [INFO] src.crawler.smzdm: 已抓取 720 个商品
2026-05-11 12:06:54,960 [INFO] src.crawler.smzdm: 第37页: 获取20个商品 (耗时0.5s)
2026-05-11 12:06:54,960 [INFO] src.crawler.smzdm: 已抓取 740 个商品
2026-05-11 12:06:56,920 [INFO] src.crawler.smzdm: 第38页: 获取20个商品 (耗时0.6s)
2026-05-11 12:06:56,920 [INFO] src.crawler.smzdm: 已抓取 760 个商品
2026-05-11 12:06:58,973 [INFO] src.crawler.smzdm: 第39页: 获取20个商品 (耗时0.7s)
2026-05-11 12:06:58,974 [INFO] src.crawler.smzdm: 已抓取 780 个商品
2026-05-11 12:07:00,835 [INFO] src.crawler.smzdm: 第40页: 获取20个商品 (耗时0.5s)
2026-05-11 12:07:00,835 [INFO] src.crawler.smzdm: 已抓取 800 个商品
2026-05-11 12:07:02,601 [INFO] src.crawler.smzdm: 第41页: 获取20个商品 (耗时0.5s)
2026-05-11 12:07:02,601 [INFO] src.crawler.smzdm: 已抓取 820 个商品
2026-05-11 12:07:03,901 [INFO] src.crawler.smzdm: 第42页: 获取20个商品 (耗时0.5s)
2026-05-11 12:07:03,901 [INFO] src.crawler.smzdm: 已抓取 840 个商品
2026-05-11 12:07:05,032 [INFO] src.crawler.smzdm: 第43页: 获取20个商品 (耗时0.5s)
2026-05-11 12:07:05,032 [INFO] src.crawler.smzdm: 已抓取 860 个商品
2026-05-11 12:07:07,215 [INFO] src.crawler.smzdm: 第44页: 获取20个商品 (耗时0.7s)
2026-05-11 12:07:07,215 [INFO] src.crawler.smzdm: 已抓取 880 个商品
2026-05-11 12:07:08,943 [INFO] src.crawler.smzdm: 第45页: 获取20个商品 (耗时0.5s)
2026-05-11 12:07:08,943 [INFO] src.crawler.smzdm: 已抓取 900 个商品
2026-05-11 12:07:10,253 [INFO] src.crawler.smzdm: 第46页: 获取20个商品 (耗时0.5s)
2026-05-11 12:07:10,254 [INFO] src.crawler.smzdm: 已抓取 920 个商品
2026-05-11 12:07:12,052 [INFO] src.crawler.smzdm: 第47页: 获取20个商品 (耗时0.5s)
2026-05-11 12:07:12,052 [INFO] src.crawler.smzdm: 已抓取 940 个商品
2026-05-11 12:07:13,305 [INFO] src.crawler.smzdm: 第48页: 获取20个商品 (耗时0.5s)
2026-05-11 12:07:13,306 [INFO] src.crawler.smzdm: 已抓取 960 个商品
2026-05-11 12:07:14,665 [INFO] src.crawler.smzdm: 第49页: 获取20个商品 (耗时0.5s)
2026-05-11 12:07:14,665 [INFO] src.crawler.smzdm: 已抓取 980 个商品
2026-05-11 12:07:16,651 [INFO] src.crawler.smzdm: 第50页: 获取20个商品 (耗时0.5s)
2026-05-11 12:07:16,651 [INFO] src.crawler.smzdm: 已抓取 1000 个商品
2026-05-11 12:07:16,651 [INFO] __main__: 抓取完成，共 1000 个商品
2026-05-11 12:07:16,663 [INFO] __main__: 品类标签完成
2026-05-11 12:07:16,663 [INFO] __main__: 开始过滤商品...
2026-05-11 12:07:16,665 [INFO] __main__: 过滤后剩余 995 个商品
2026-05-11 12:07:16,665 [INFO] __main__: 开始计算评分...
2026-05-11 12:07:17,284 [INFO] __main__: 筛选出 0 个高分商品
2026-05-11 12:07:17,284 [INFO] __main__: 首次运行，已记录基线数据，下次运行将开始评分
2026-05-11 12:07:17,285 [INFO] __main__: 已清理 30 天前的旧数据
2026-05-11 12:07:17,285 [INFO] __main__: ==================================================
2026-05-11 12:07:17,286 [INFO] __main__: 监控完成
2026-05-11 12:07:17,286 [INFO] __main__: ==================================================
2026-05-11 13:08:19,553 [INFO] __main__: ==================================================
2026-05-11 13:08:19,553 [INFO] __main__: 开始什么值得买好价监控
2026-05-11 13:08:19,553 [INFO] __main__: ==================================================
2026-05-11 13:08:19,577 [INFO] __main__: 检查邮件反馈...
2026-05-11 13:08:36,768 [INFO] src.feedback.parser: 解析到 3 条反馈
2026-05-11 13:08:36,941 [INFO] src.feedback.parser: 解析到 3 条反馈
2026-05-11 13:08:36,942 [INFO] src.feedback.parser: 解析到 5 条设置
2026-05-11 13:08:36,998 [INFO] src.feedback.parser: 记录反馈: 400001 -> helpful (None)
2026-05-11 13:08:37,001 [INFO] src.feedback.parser: 记录反馈: 400003 -> helpful (None)
2026-05-11 13:08:37,005 [INFO] src.feedback.parser: 记录反馈: 400002 -> not_helpful (None)
2026-05-11 13:08:37,009 [INFO] src.feedback.parser: 记录反馈: 500001 -> helpful (None)
2026-05-11 13:08:37,013 [INFO] src.feedback.parser: 记录反馈: 500002 -> helpful (None)
2026-05-11 13:08:37,017 [INFO] src.feedback.parser: 记录反馈: 500003 -> not_helpful (None)
2026-05-11 13:08:37,020 [INFO] src.scorer.preference: 手动设置偏好: 母婴 = -100
2026-05-11 13:08:37,020 [INFO] src.feedback.parser: 更新偏好: 母婴 = -100
2026-05-11 13:08:37,023 [INFO] src.scorer.preference: 手动设置偏好: 数码 = 50
2026-05-11 13:08:37,023 [INFO] src.feedback.parser: 更新偏好: 数码 = 50
2026-05-11 13:08:37,026 [INFO] src.scorer.preference: 手动设置偏好: 零食 = 0
2026-05-11 13:08:37,026 [INFO] src.feedback.parser: 更新偏好: 零食 = 0
2026-05-11 13:08:37,027 [INFO] src.scorer.preference: 手动设置偏好: 母婴 = -100
2026-05-11 13:08:37,027 [INFO] src.feedback.parser: 更新偏好: 母婴 = -100
2026-05-11 13:08:37,031 [INFO] src.scorer.preference: 手动设置偏好: 数码 = 30
2026-05-11 13:08:37,031 [INFO] src.feedback.parser: 更新偏好: 数码 = 30
2026-05-11 13:08:37,031 [INFO] __main__: 收到 6 条反馈
2026-05-11 13:08:38,186 [INFO] src.crawler.smzdm: 第1页: 获取20个商品 (耗时0.6s)
2026-05-11 13:08:38,187 [INFO] src.crawler.smzdm: 已抓取 20 个商品
2026-05-11 13:08:40,346 [INFO] src.crawler.smzdm: 第2页: 获取20个商品 (耗时0.8s)
2026-05-11 13:08:40,346 [INFO] src.crawler.smzdm: 已抓取 40 个商品
2026-05-11 13:08:41,975 [INFO] src.crawler.smzdm: 第3页: 获取20个商品 (耗时0.5s)
2026-05-11 13:08:41,975 [INFO] src.crawler.smzdm: 已抓取 60 个商品
2026-05-11 13:08:43,262 [INFO] src.crawler.smzdm: 第4页: 获取20个商品 (耗时0.5s)
2026-05-11 13:08:43,262 [INFO] src.crawler.smzdm: 已抓取 80 个商品
2026-05-11 13:08:45,507 [INFO] src.crawler.smzdm: 第5页: 获取20个商品 (耗时0.8s)
2026-05-11 13:08:45,507 [INFO] src.crawler.smzdm: 已抓取 100 个商品
2026-05-11 13:08:47,411 [INFO] src.crawler.smzdm: 第6页: 获取20个商品 (耗时0.5s)
2026-05-11 13:08:47,411 [INFO] src.crawler.smzdm: 已抓取 120 个商品
2026-05-11 13:08:48,553 [INFO] src.crawler.smzdm: 第7页: 获取20个商品 (耗时0.5s)
2026-05-11 13:08:48,554 [INFO] src.crawler.smzdm: 已抓取 140 个商品
2026-05-11 13:08:50,013 [INFO] src.crawler.smzdm: 第8页: 获取20个商品 (耗时0.5s)
2026-05-11 13:08:50,013 [INFO] src.crawler.smzdm: 已抓取 160 个商品
2026-05-11 13:08:52,158 [INFO] src.crawler.smzdm: 第9页: 获取20个商品 (耗时0.7s)
2026-05-11 13:08:52,158 [INFO] src.crawler.smzdm: 已抓取 180 个商品
2026-05-11 13:08:53,454 [INFO] src.crawler.smzdm: 第10页: 获取20个商品 (耗时0.7s)
2026-05-11 13:08:53,455 [INFO] src.crawler.smzdm: 已抓取 200 个商品
2026-05-11 13:08:54,907 [INFO] src.crawler.smzdm: 第11页: 获取20个商品 (耗时0.7s)
2026-05-11 13:08:54,907 [INFO] src.crawler.smzdm: 已抓取 220 个商品
2026-05-11 13:08:56,744 [INFO] src.crawler.smzdm: 第12页: 获取20个商品 (耗时0.7s)
2026-05-11 13:08:56,745 [INFO] src.crawler.smzdm: 已抓取 240 个商品
2026-05-11 13:08:57,992 [INFO] src.crawler.smzdm: 第13页: 获取20个商品 (耗时0.5s)
2026-05-11 13:08:57,993 [INFO] src.crawler.smzdm: 已抓取 260 个商品
2026-05-11 13:08:59,354 [INFO] src.crawler.smzdm: 第14页: 获取20个商品 (耗时0.5s)
2026-05-11 13:08:59,354 [INFO] src.crawler.smzdm: 已抓取 280 个商品
2026-05-11 13:09:00,885 [INFO] src.crawler.smzdm: 第15页: 获取20个商品 (耗时0.5s)
2026-05-11 13:09:00,885 [INFO] src.crawler.smzdm: 已抓取 300 个商品
2026-05-11 13:09:02,018 [INFO] src.crawler.smzdm: 第16页: 获取20个商品 (耗时0.6s)
2026-05-11 13:09:02,018 [INFO] src.crawler.smzdm: 已抓取 320 个商品
2026-05-11 13:09:03,683 [INFO] src.crawler.smzdm: 第17页: 获取20个商品 (耗时0.7s)
2026-05-11 13:09:03,683 [INFO] src.crawler.smzdm: 已抓取 340 个商品
2026-05-11 13:09:05,624 [INFO] src.crawler.smzdm: 第18页: 获取20个商品 (耗时0.6s)
2026-05-11 13:09:05,624 [INFO] src.crawler.smzdm: 已抓取 360 个商品
2026-05-11 13:09:06,819 [INFO] src.crawler.smzdm: 第19页: 获取20个商品 (耗时0.5s)
2026-05-11 13:09:06,819 [INFO] src.crawler.smzdm: 已抓取 380 个商品
2026-05-11 13:09:08,398 [INFO] src.crawler.smzdm: 第20页: 获取20个商品 (耗时0.5s)
2026-05-11 13:09:08,398 [INFO] src.crawler.smzdm: 已抓取 400 个商品
2026-05-11 13:09:09,672 [INFO] src.crawler.smzdm: 第21页: 获取20个商品 (耗时0.5s)
2026-05-11 13:09:09,672 [INFO] src.crawler.smzdm: 已抓取 420 个商品
2026-05-11 13:09:11,832 [INFO] src.crawler.smzdm: 第22页: 获取20个商品 (耗时0.7s)
2026-05-11 13:09:11,832 [INFO] src.crawler.smzdm: 已抓取 440 个商品
2026-05-11 13:09:13,817 [INFO] src.crawler.smzdm: 第23页: 获取20个商品 (耗时0.7s)
2026-05-11 13:09:13,817 [INFO] src.crawler.smzdm: 已抓取 460 个商品
2026-05-11 13:09:14,873 [INFO] src.crawler.smzdm: 第24页: 获取20个商品 (耗时0.5s)
2026-05-11 13:09:14,873 [INFO] src.crawler.smzdm: 已抓取 480 个商品
2026-05-11 13:09:16,347 [INFO] src.crawler.smzdm: 第25页: 获取20个商品 (耗时0.5s)
2026-05-11 13:09:16,348 [INFO] src.crawler.smzdm: 已抓取 500 个商品
2026-05-11 13:09:18,192 [INFO] src.crawler.smzdm: 第26页: 获取20个商品 (耗时0.6s)
2026-05-11 13:09:18,192 [INFO] src.crawler.smzdm: 已抓取 520 个商品
2026-05-11 13:09:19,933 [INFO] src.crawler.smzdm: 第27页: 获取20个商品 (耗时0.5s)
2026-05-11 13:09:19,934 [INFO] src.crawler.smzdm: 已抓取 540 个商品
2026-05-11 13:09:21,560 [INFO] src.crawler.smzdm: 第28页: 获取20个商品 (耗时0.5s)
2026-05-11 13:09:21,560 [INFO] src.crawler.smzdm: 已抓取 560 个商品
2026-05-11 13:09:22,951 [INFO] src.crawler.smzdm: 第29页: 获取20个商品 (耗时0.5s)
2026-05-11 13:09:22,952 [INFO] src.crawler.smzdm: 已抓取 580 个商品
2026-05-11 13:09:24,388 [INFO] src.crawler.smzdm: 第30页: 获取20个商品 (耗时0.5s)
2026-05-11 13:09:24,388 [INFO] src.crawler.smzdm: 已抓取 600 个商品
2026-05-11 13:09:26,047 [INFO] src.crawler.smzdm: 第31页: 获取20个商品 (耗时0.6s)
2026-05-11 13:09:26,047 [INFO] src.crawler.smzdm: 已抓取 620 个商品
2026-05-11 13:09:27,511 [INFO] src.crawler.smzdm: 第32页: 获取20个商品 (耗时0.7s)
2026-05-11 13:09:27,511 [INFO] src.crawler.smzdm: 已抓取 640 个商品
2026-05-11 13:09:29,030 [INFO] src.crawler.smzdm: 第33页: 获取20个商品 (耗时0.5s)
2026-05-11 13:09:29,031 [INFO] src.crawler.smzdm: 已抓取 660 个商品
2026-05-11 13:09:30,751 [INFO] src.crawler.smzdm: 第34页: 获取20个商品 (耗时0.6s)
2026-05-11 13:09:30,752 [INFO] src.crawler.smzdm: 已抓取 680 个商品
2026-05-11 13:09:32,535 [INFO] src.crawler.smzdm: 第35页: 获取20个商品 (耗时0.5s)
2026-05-11 13:09:32,535 [INFO] src.crawler.smzdm: 已抓取 700 个商品
2026-05-11 13:09:34,687 [INFO] src.crawler.smzdm: 第36页: 获取20个商品 (耗时0.7s)
2026-05-11 13:09:34,687 [INFO] src.crawler.smzdm: 已抓取 720 个商品
2026-05-11 13:09:36,415 [INFO] src.crawler.smzdm: 第37页: 获取20个商品 (耗时0.7s)
2026-05-11 13:09:36,415 [INFO] src.crawler.smzdm: 已抓取 740 个商品
2026-05-11 13:09:37,563 [INFO] src.crawler.smzdm: 第38页: 获取20个商品 (耗时0.5s)
2026-05-11 13:09:37,563 [INFO] src.crawler.smzdm: 已抓取 760 个商品
2026-05-11 13:09:39,663 [INFO] src.crawler.smzdm: 第39页: 获取20个商品 (耗时0.7s)
2026-05-11 13:09:39,663 [INFO] src.crawler.smzdm: 已抓取 780 个商品
2026-05-11 13:09:41,205 [INFO] src.crawler.smzdm: 第40页: 获取20个商品 (耗时0.5s)
2026-05-11 13:09:41,205 [INFO] src.crawler.smzdm: 已抓取 800 个商品
2026-05-11 13:09:43,089 [INFO] src.crawler.smzdm: 第41页: 获取20个商品 (耗时0.7s)
2026-05-11 13:09:43,090 [INFO] src.crawler.smzdm: 已抓取 820 个商品
2026-05-11 13:09:44,885 [INFO] src.crawler.smzdm: 第42页: 获取20个商品 (耗时0.5s)
2026-05-11 13:09:44,886 [INFO] src.crawler.smzdm: 已抓取 840 个商品
2026-05-11 13:09:46,428 [INFO] src.crawler.smzdm: 第43页: 获取20个商品 (耗时0.7s)
2026-05-11 13:09:46,428 [INFO] src.crawler.smzdm: 已抓取 860 个商品
2026-05-11 13:09:48,211 [INFO] src.crawler.smzdm: 第44页: 获取20个商品 (耗时0.6s)
2026-05-11 13:09:48,212 [INFO] src.crawler.smzdm: 已抓取 880 个商品
2026-05-11 13:09:50,085 [INFO] src.crawler.smzdm: 第45页: 获取20个商品 (耗时0.5s)
2026-05-11 13:09:50,085 [INFO] src.crawler.smzdm: 已抓取 900 个商品
2026-05-11 13:09:52,054 [INFO] src.crawler.smzdm: 第46页: 获取20个商品 (耗时0.5s)
2026-05-11 13:09:52,054 [INFO] src.crawler.smzdm: 已抓取 920 个商品
2026-05-11 13:09:53,152 [INFO] src.crawler.smzdm: 第47页: 获取20个商品 (耗时0.5s)
2026-05-11 13:09:53,152 [INFO] src.crawler.smzdm: 已抓取 940 个商品
2026-05-11 13:09:55,237 [INFO] src.crawler.smzdm: 第48页: 获取20个商品 (耗时0.8s)
2026-05-11 13:09:55,237 [INFO] src.crawler.smzdm: 已抓取 960 个商品
2026-05-11 13:09:56,472 [INFO] src.crawler.smzdm: 第49页: 获取20个商品 (耗时0.7s)
2026-05-11 13:09:56,473 [INFO] src.crawler.smzdm: 已抓取 980 个商品
2026-05-11 13:09:58,320 [INFO] src.crawler.smzdm: 第50页: 获取20个商品 (耗时0.7s)
2026-05-11 13:09:58,320 [INFO] src.crawler.smzdm: 已抓取 1000 个商品
2026-05-11 13:09:58,320 [INFO] __main__: 抓取完成，共 1000 个商品
2026-05-11 13:09:58,336 [INFO] __main__: 过滤后剩余 995 个商品
2026-05-11 13:09:58,535 [INFO] __main__: 筛选出 0 个高分商品
2026-05-11 13:09:58,536 [INFO] __main__: 监控完成
2026-05-11 13:11:04,261 [INFO] __main__: ==================================================
2026-05-11 13:11:04,261 [INFO] __main__: 开始什么值得买好价监控
2026-05-11 13:11:04,261 [INFO] __main__: ==================================================
2026-05-11 13:11:04,287 [INFO] __main__: 检查邮件反馈...
2026-05-11 13:11:18,322 [INFO] src.feedback.parser: 解析到 3 条反馈
2026-05-11 13:11:18,852 [INFO] src.feedback.parser: 解析到 3 条反馈
2026-05-11 13:11:18,852 [INFO] src.feedback.parser: 解析到 5 条设置
2026-05-11 13:11:18,909 [INFO] src.feedback.parser: 记录反馈: 400001 -> helpful (None)
2026-05-11 13:11:18,913 [INFO] src.feedback.parser: 记录反馈: 400003 -> helpful (None)
2026-05-11 13:11:18,916 [INFO] src.feedback.parser: 记录反馈: 400002 -> not_helpful (None)
2026-05-11 13:11:18,920 [INFO] src.feedback.parser: 记录反馈: 500001 -> helpful (None)
2026-05-11 13:11:18,923 [INFO] src.feedback.parser: 记录反馈: 500002 -> helpful (None)
2026-05-11 13:11:18,926 [INFO] src.feedback.parser: 记录反馈: 500003 -> not_helpful (None)
2026-05-11 13:11:18,930 [INFO] src.scorer.preference: 手动设置偏好: 母婴 = -100
2026-05-11 13:11:18,930 [INFO] src.feedback.parser: 更新偏好: 母婴 = -100
2026-05-11 13:11:18,933 [INFO] src.scorer.preference: 手动设置偏好: 数码 = 50
2026-05-11 13:11:18,933 [INFO] src.feedback.parser: 更新偏好: 数码 = 50
2026-05-11 13:11:18,936 [INFO] src.scorer.preference: 手动设置偏好: 零食 = 0
2026-05-11 13:11:18,936 [INFO] src.feedback.parser: 更新偏好: 零食 = 0
2026-05-11 13:11:18,937 [INFO] src.scorer.preference: 手动设置偏好: 母婴 = -100
2026-05-11 13:11:18,937 [INFO] src.feedback.parser: 更新偏好: 母婴 = -100
2026-05-11 13:11:18,940 [INFO] src.scorer.preference: 手动设置偏好: 数码 = 30
2026-05-11 13:11:18,940 [INFO] src.feedback.parser: 更新偏好: 数码 = 30
2026-05-11 13:11:18,940 [INFO] __main__: 收到 6 条反馈
2026-05-11 13:11:19,876 [INFO] src.crawler.smzdm: 第1页: 获取20个商品 (耗时0.3s)
2026-05-11 13:11:19,877 [INFO] src.crawler.smzdm: 已抓取 20 个商品
2026-05-11 13:11:21,094 [INFO] src.crawler.smzdm: 第2页: 获取20个商品 (耗时0.2s)
2026-05-11 13:11:21,094 [INFO] src.crawler.smzdm: 已抓取 40 个商品
2026-05-11 13:11:22,117 [INFO] src.crawler.smzdm: 第3页: 获取20个商品 (耗时0.2s)
2026-05-11 13:11:22,117 [INFO] src.crawler.smzdm: 已抓取 60 个商品
2026-05-11 13:11:23,225 [INFO] src.crawler.smzdm: 第4页: 获取20个商品 (耗时0.2s)
2026-05-11 13:11:23,225 [INFO] src.crawler.smzdm: 已抓取 80 个商品
2026-05-11 13:11:24,421 [INFO] src.crawler.smzdm: 第5页: 获取20个商品 (耗时0.2s)
2026-05-11 13:11:24,422 [INFO] src.crawler.smzdm: 已抓取 100 个商品
2026-05-11 13:11:25,931 [INFO] src.crawler.smzdm: 第6页: 获取20个商品 (耗时0.2s)
2026-05-11 13:11:25,931 [INFO] src.crawler.smzdm: 已抓取 120 个商品
2026-05-11 13:11:26,655 [INFO] src.crawler.smzdm: 第7页: 获取20个商品 (耗时0.2s)
2026-05-11 13:11:26,656 [INFO] src.crawler.smzdm: 已抓取 140 个商品
2026-05-11 13:11:28,216 [INFO] src.crawler.smzdm: 第8页: 获取20个商品 (耗时0.2s)
2026-05-11 13:11:28,216 [INFO] src.crawler.smzdm: 已抓取 160 个商品
2026-05-11 13:11:29,321 [INFO] src.crawler.smzdm: 第9页: 获取20个商品 (耗时0.2s)
2026-05-11 13:11:29,321 [INFO] src.crawler.smzdm: 已抓取 180 个商品
2026-05-11 13:11:30,194 [INFO] src.crawler.smzdm: 第10页: 获取20个商品 (耗时0.2s)
2026-05-11 13:11:30,195 [INFO] src.crawler.smzdm: 已抓取 200 个商品
2026-05-11 13:11:31,265 [INFO] src.crawler.smzdm: 第11页: 获取20个商品 (耗时0.2s)
2026-05-11 13:11:31,265 [INFO] src.crawler.smzdm: 已抓取 220 个商品
2026-05-11 13:11:32,230 [INFO] src.crawler.smzdm: 第12页: 获取20个商品 (耗时0.2s)
2026-05-11 13:11:32,230 [INFO] src.crawler.smzdm: 已抓取 240 个商品
2026-05-11 13:11:33,726 [INFO] src.crawler.smzdm: 第13页: 获取20个商品 (耗时0.2s)
2026-05-11 13:11:33,726 [INFO] src.crawler.smzdm: 已抓取 260 个商品
2026-05-11 13:11:35,348 [INFO] src.crawler.smzdm: 第14页: 获取20个商品 (耗时0.2s)
2026-05-11 13:11:35,349 [INFO] src.crawler.smzdm: 已抓取 280 个商品
2026-05-11 13:11:36,622 [INFO] src.crawler.smzdm: 第15页: 获取20个商品 (耗时0.2s)
2026-05-11 13:11:36,622 [INFO] src.crawler.smzdm: 已抓取 300 个商品
2026-05-11 13:11:38,180 [INFO] src.crawler.smzdm: 第16页: 获取20个商品 (耗时0.3s)
2026-05-11 13:11:38,181 [INFO] src.crawler.smzdm: 已抓取 320 个商品
2026-05-11 13:11:39,417 [INFO] src.crawler.smzdm: 第17页: 获取20个商品 (耗时0.2s)
2026-05-11 13:11:39,418 [INFO] src.crawler.smzdm: 已抓取 340 个商品
2026-05-11 13:11:40,356 [INFO] src.crawler.smzdm: 第18页: 获取20个商品 (耗时0.2s)
2026-05-11 13:11:40,356 [INFO] src.crawler.smzdm: 已抓取 360 个商品
2026-05-11 13:11:41,373 [INFO] src.crawler.smzdm: 第19页: 获取20个商品 (耗时0.2s)
2026-05-11 13:11:41,373 [INFO] src.crawler.smzdm: 已抓取 380 个商品
2026-05-11 13:11:42,976 [INFO] src.crawler.smzdm: 第20页: 获取20个商品 (耗时0.2s)
2026-05-11 13:11:42,976 [INFO] src.crawler.smzdm: 已抓取 400 个商品
2026-05-11 13:11:43,779 [INFO] src.crawler.smzdm: 第21页: 获取20个商品 (耗时0.2s)
2026-05-11 13:11:43,780 [INFO] src.crawler.smzdm: 已抓取 420 个商品
2026-05-11 13:11:44,850 [INFO] src.crawler.smzdm: 第22页: 获取20个商品 (耗时0.2s)
2026-05-11 13:11:44,850 [INFO] src.crawler.smzdm: 已抓取 440 个商品
2026-05-11 13:11:45,642 [INFO] src.crawler.smzdm: 第23页: 获取20个商品 (耗时0.2s)
2026-05-11 13:11:45,643 [INFO] src.crawler.smzdm: 已抓取 460 个商品
2026-05-11 13:11:47,276 [INFO] src.crawler.smzdm: 第24页: 获取20个商品 (耗时0.2s)
2026-05-11 13:11:47,277 [INFO] src.crawler.smzdm: 已抓取 480 个商品
2026-05-11 13:11:48,907 [INFO] src.crawler.smzdm: 第25页: 获取20个商品 (耗时0.2s)
2026-05-11 13:11:48,907 [INFO] src.crawler.smzdm: 已抓取 500 个商品
2026-05-11 13:11:50,310 [INFO] src.crawler.smzdm: 第26页: 获取20个商品 (耗时0.2s)
2026-05-11 13:11:50,311 [INFO] src.crawler.smzdm: 已抓取 520 个商品
2026-05-11 13:11:51,026 [INFO] src.crawler.smzdm: 第27页: 获取20个商品 (耗时0.2s)
2026-05-11 13:11:51,026 [INFO] src.crawler.smzdm: 已抓取 540 个商品
2026-05-11 13:11:52,418 [INFO] src.crawler.smzdm: 第28页: 获取20个商品 (耗时0.2s)
2026-05-11 13:11:52,419 [INFO] src.crawler.smzdm: 已抓取 560 个商品
2026-05-11 13:11:53,414 [INFO] src.crawler.smzdm: 第29页: 获取20个商品 (耗时0.2s)
2026-05-11 13:11:53,415 [INFO] src.crawler.smzdm: 已抓取 580 个商品
2026-05-11 13:11:54,769 [INFO] src.crawler.smzdm: 第30页: 获取20个商品 (耗时0.2s)
2026-05-11 13:11:54,770 [INFO] src.crawler.smzdm: 已抓取 600 个商品
2026-05-11 13:11:55,577 [INFO] src.crawler.smzdm: 第31页: 获取20个商品 (耗时0.2s)
2026-05-11 13:11:55,578 [INFO] src.crawler.smzdm: 已抓取 620 个商品
2026-05-11 13:11:56,446 [INFO] src.crawler.smzdm: 第32页: 获取20个商品 (耗时0.2s)
2026-05-11 13:11:56,446 [INFO] src.crawler.smzdm: 已抓取 640 个商品
2026-05-11 13:11:57,867 [INFO] src.crawler.smzdm: 第33页: 获取20个商品 (耗时0.3s)
2026-05-11 13:11:57,867 [INFO] src.crawler.smzdm: 已抓取 660 个商品
2026-05-11 13:11:58,717 [INFO] src.crawler.smzdm: 第34页: 获取20个商品 (耗时0.2s)
2026-05-11 13:11:58,717 [INFO] src.crawler.smzdm: 已抓取 680 个商品
2026-05-11 13:12:00,330 [INFO] src.crawler.smzdm: 第35页: 获取20个商品 (耗时0.2s)
2026-05-11 13:12:00,330 [INFO] src.crawler.smzdm: 已抓取 700 个商品
2026-05-11 13:12:01,806 [INFO] src.crawler.smzdm: 第36页: 获取20个商品 (耗时0.2s)
2026-05-11 13:12:01,806 [INFO] src.crawler.smzdm: 已抓取 720 个商品
2026-05-11 13:12:02,881 [INFO] src.crawler.smzdm: 第37页: 获取20个商品 (耗时0.2s)
2026-05-11 13:12:02,881 [INFO] src.crawler.smzdm: 已抓取 740 个商品
2026-05-11 13:12:04,295 [INFO] src.crawler.smzdm: 第38页: 获取20个商品 (耗时0.2s)
2026-05-11 13:12:04,296 [INFO] src.crawler.smzdm: 已抓取 760 个商品
2026-05-11 13:12:05,049 [INFO] src.crawler.smzdm: 第39页: 获取20个商品 (耗时0.2s)
2026-05-11 13:12:05,049 [INFO] src.crawler.smzdm: 已抓取 780 个商品
2026-05-11 13:12:06,598 [INFO] src.crawler.smzdm: 第40页: 获取20个商品 (耗时0.2s)
2026-05-11 13:12:06,598 [INFO] src.crawler.smzdm: 已抓取 800 个商品
2026-05-11 13:12:08,038 [INFO] src.crawler.smzdm: 第41页: 获取20个商品 (耗时0.2s)
2026-05-11 13:12:08,038 [INFO] src.crawler.smzdm: 已抓取 820 个商品
2026-05-11 13:12:09,304 [INFO] src.crawler.smzdm: 第42页: 获取20个商品 (耗时0.3s)
2026-05-11 13:12:09,305 [INFO] src.crawler.smzdm: 已抓取 840 个商品
2026-05-11 13:12:10,954 [INFO] src.crawler.smzdm: 第43页: 获取20个商品 (耗时0.2s)
2026-05-11 13:12:10,955 [INFO] src.crawler.smzdm: 已抓取 860 个商品
2026-05-11 13:12:11,931 [INFO] src.crawler.smzdm: 第44页: 获取20个商品 (耗时0.2s)
2026-05-11 13:12:11,931 [INFO] src.crawler.smzdm: 已抓取 880 个商品
2026-05-11 13:12:12,781 [INFO] src.crawler.smzdm: 第45页: 获取20个商品 (耗时0.2s)
2026-05-11 13:12:12,781 [INFO] src.crawler.smzdm: 已抓取 900 个商品
2026-05-11 13:12:14,050 [INFO] src.crawler.smzdm: 第46页: 获取20个商品 (耗时0.2s)
2026-05-11 13:12:14,051 [INFO] src.crawler.smzdm: 已抓取 920 个商品
2026-05-11 13:12:15,705 [INFO] src.crawler.smzdm: 第47页: 获取20个商品 (耗时0.2s)
2026-05-11 13:12:15,705 [INFO] src.crawler.smzdm: 已抓取 940 个商品
2026-05-11 13:12:17,117 [INFO] src.crawler.smzdm: 第48页: 获取20个商品 (耗时0.2s)
2026-05-11 13:12:17,118 [INFO] src.crawler.smzdm: 已抓取 960 个商品
2026-05-11 13:12:18,591 [INFO] src.crawler.smzdm: 第49页: 获取20个商品 (耗时0.3s)
2026-05-11 13:12:18,591 [INFO] src.crawler.smzdm: 已抓取 980 个商品
2026-05-11 13:12:19,849 [INFO] src.crawler.smzdm: 第50页: 获取20个商品 (耗时0.2s)
2026-05-11 13:12:19,849 [INFO] src.crawler.smzdm: 已抓取 1000 个商品
2026-05-11 13:12:19,849 [INFO] __main__: 抓取完成，共 1000 个商品
2026-05-11 13:12:19,862 [INFO] __main__: 过滤后剩余 937 个商品
2026-05-11 13:12:20,660 [INFO] __main__: 筛选出 143 个高分商品
2026-05-11 13:12:21,910 [INFO] src.notifier.email: 邮件发送成功: 273 字符
2026-05-11 13:12:21,910 [INFO] __main__: 通知发送成功
2026-05-11 13:12:21,912 [INFO] __main__: 监控完成
2026-05-11 13:35:29,523 [INFO] __main__: 启动守护进程模式
2026-05-11 13:35:29,527 [INFO] __main__: ==================================================
2026-05-11 13:35:29,527 [INFO] __main__: 开始什么值得买好价监控
2026-05-11 13:35:29,527 [INFO] __main__: ==================================================
2026-05-11 13:35:29,528 [INFO] __main__: 检查邮件反馈...
2026-05-11 13:35:48,260 [INFO] src.feedback.parser: 解析到 3 条反馈
2026-05-11 13:35:48,868 [INFO] src.feedback.parser: 解析到 3 条反馈
2026-05-11 13:35:48,869 [INFO] src.feedback.parser: 解析到 5 条设置
2026-05-11 13:35:49,140 [INFO] src.feedback.parser: 记录反馈: 400001 -> helpful (None)
2026-05-11 13:35:49,145 [INFO] src.feedback.parser: 记录反馈: 400003 -> helpful (None)
2026-05-11 13:35:49,149 [INFO] src.feedback.parser: 记录反馈: 400002 -> not_helpful (None)
2026-05-11 13:35:49,152 [INFO] src.feedback.parser: 记录反馈: 500001 -> helpful (None)
2026-05-11 13:35:49,156 [INFO] src.feedback.parser: 记录反馈: 500002 -> helpful (None)
2026-05-11 13:35:49,159 [INFO] src.feedback.parser: 记录反馈: 500003 -> not_helpful (None)
2026-05-11 13:35:49,163 [INFO] src.scorer.preference: 手动设置偏好: 母婴 = -100
2026-05-11 13:35:49,163 [INFO] src.feedback.parser: 更新偏好: 母婴 = -100
2026-05-11 13:35:49,166 [INFO] src.scorer.preference: 手动设置偏好: 数码 = 50
2026-05-11 13:35:49,166 [INFO] src.feedback.parser: 更新偏好: 数码 = 50
2026-05-11 13:35:49,169 [INFO] src.scorer.preference: 手动设置偏好: 零食 = 0
2026-05-11 13:35:49,169 [INFO] src.feedback.parser: 更新偏好: 零食 = 0
2026-05-11 13:35:49,170 [INFO] src.scorer.preference: 手动设置偏好: 母婴 = -100
2026-05-11 13:35:49,170 [INFO] src.feedback.parser: 更新偏好: 母婴 = -100
2026-05-11 13:35:49,173 [INFO] src.scorer.preference: 手动设置偏好: 数码 = 30
2026-05-11 13:35:49,174 [INFO] src.feedback.parser: 更新偏好: 数码 = 30
2026-05-11 13:35:49,174 [INFO] __main__: 收到 6 条反馈
2026-05-11 13:35:50,106 [INFO] src.crawler.smzdm: 第1页: 获取20个商品 (耗时0.3s)
2026-05-11 13:35:50,106 [INFO] src.crawler.smzdm: 已抓取 20 个商品
2026-05-11 13:35:51,558 [INFO] src.crawler.smzdm: 第2页: 获取20个商品 (耗时0.2s)
2026-05-11 13:35:51,558 [INFO] src.crawler.smzdm: 已抓取 40 个商品
2026-05-11 13:35:52,899 [INFO] src.crawler.smzdm: 第3页: 获取20个商品 (耗时0.2s)
2026-05-11 13:35:52,899 [INFO] src.crawler.smzdm: 已抓取 60 个商品
2026-05-11 13:35:54,283 [INFO] src.crawler.smzdm: 第4页: 获取20个商品 (耗时0.2s)
2026-05-11 13:35:54,283 [INFO] src.crawler.smzdm: 已抓取 80 个商品
2026-05-11 13:35:55,883 [INFO] src.crawler.smzdm: 第5页: 获取20个商品 (耗时0.2s)
2026-05-11 13:35:55,884 [INFO] src.crawler.smzdm: 已抓取 100 个商品
2026-05-11 13:35:56,932 [INFO] src.crawler.smzdm: 第6页: 获取20个商品 (耗时0.2s)
2026-05-11 13:35:56,933 [INFO] src.crawler.smzdm: 已抓取 120 个商品
2026-05-11 13:35:58,134 [INFO] src.crawler.smzdm: 第7页: 获取20个商品 (耗时0.2s)
2026-05-11 13:35:58,134 [INFO] src.crawler.smzdm: 已抓取 140 个商品
2026-05-11 13:35:59,517 [INFO] src.crawler.smzdm: 第8页: 获取20个商品 (耗时0.2s)
2026-05-11 13:35:59,518 [INFO] src.crawler.smzdm: 已抓取 160 个商品
2026-05-11 13:36:00,390 [INFO] src.crawler.smzdm: 第9页: 获取20个商品 (耗时0.2s)
2026-05-11 13:36:00,390 [INFO] src.crawler.smzdm: 已抓取 180 个商品
2026-05-11 13:36:02,083 [INFO] src.crawler.smzdm: 第10页: 获取20个商品 (耗时0.2s)
2026-05-11 13:36:02,083 [INFO] src.crawler.smzdm: 已抓取 200 个商品
2026-05-11 13:36:02,964 [INFO] src.crawler.smzdm: 第11页: 获取20个商品 (耗时0.2s)
2026-05-11 13:36:02,964 [INFO] src.crawler.smzdm: 已抓取 220 个商品
2026-05-11 13:36:04,455 [INFO] src.crawler.smzdm: 第12页: 获取20个商品 (耗时0.2s)
2026-05-11 13:36:04,455 [INFO] src.crawler.smzdm: 已抓取 240 个商品
2026-05-11 13:36:05,623 [INFO] src.crawler.smzdm: 第13页: 获取20个商品 (耗时0.2s)
2026-05-11 13:36:05,623 [INFO] src.crawler.smzdm: 已抓取 260 个商品
2026-05-11 13:36:07,135 [INFO] src.crawler.smzdm: 第14页: 获取20个商品 (耗时0.2s)
2026-05-11 13:36:07,135 [INFO] src.crawler.smzdm: 已抓取 280 个商品
2026-05-11 13:36:08,221 [INFO] src.crawler.smzdm: 第15页: 获取20个商品 (耗时0.2s)
2026-05-11 13:36:08,221 [INFO] src.crawler.smzdm: 已抓取 300 个商品
2026-05-11 13:36:08,979 [INFO] src.crawler.smzdm: 第16页: 获取20个商品 (耗时0.2s)
2026-05-11 13:36:08,979 [INFO] src.crawler.smzdm: 已抓取 320 个商品
2026-05-11 13:36:09,661 [INFO] src.crawler.smzdm: 第17页: 获取20个商品 (耗时0.2s)
2026-05-11 13:36:09,661 [INFO] src.crawler.smzdm: 已抓取 340 个商品
2026-05-11 13:36:10,437 [INFO] src.crawler.smzdm: 第18页: 获取20个商品 (耗时0.2s)
2026-05-11 13:36:10,438 [INFO] src.crawler.smzdm: 已抓取 360 个商品
2026-05-11 13:36:11,708 [INFO] src.crawler.smzdm: 第19页: 获取20个商品 (耗时0.2s)
2026-05-11 13:36:11,708 [INFO] src.crawler.smzdm: 已抓取 380 个商品
2026-05-11 13:36:12,584 [INFO] src.crawler.smzdm: 第20页: 获取20个商品 (耗时0.2s)
2026-05-11 13:36:12,585 [INFO] src.crawler.smzdm: 已抓取 400 个商品
2026-05-11 13:36:13,965 [INFO] src.crawler.smzdm: 第21页: 获取20个商品 (耗时0.2s)
2026-05-11 13:36:13,965 [INFO] src.crawler.smzdm: 已抓取 420 个商品
2026-05-11 13:36:14,823 [INFO] src.crawler.smzdm: 第22页: 获取20个商品 (耗时0.2s)
2026-05-11 13:36:14,824 [INFO] src.crawler.smzdm: 已抓取 440 个商品
2026-05-11 13:36:15,976 [INFO] src.crawler.smzdm: 第23页: 获取20个商品 (耗时0.2s)
2026-05-11 13:36:15,977 [INFO] src.crawler.smzdm: 已抓取 460 个商品
2026-05-11 13:36:17,393 [INFO] src.crawler.smzdm: 第24页: 获取20个商品 (耗时0.3s)
2026-05-11 13:36:17,394 [INFO] src.crawler.smzdm: 已抓取 480 个商品
2026-05-11 13:36:18,454 [INFO] src.crawler.smzdm: 第25页: 获取20个商品 (耗时0.2s)
2026-05-11 13:36:18,454 [INFO] src.crawler.smzdm: 已抓取 500 个商品
2026-05-11 13:36:19,654 [INFO] src.crawler.smzdm: 第26页: 获取20个商品 (耗时0.2s)
2026-05-11 13:36:19,654 [INFO] src.crawler.smzdm: 已抓取 520 个商品
2026-05-11 13:36:20,634 [INFO] src.crawler.smzdm: 第27页: 获取20个商品 (耗时0.2s)
2026-05-11 13:36:20,634 [INFO] src.crawler.smzdm: 已抓取 540 个商品
2026-05-11 13:36:21,761 [INFO] src.crawler.smzdm: 第28页: 获取20个商品 (耗时0.3s)
2026-05-11 13:36:21,761 [INFO] src.crawler.smzdm: 已抓取 560 个商品
2026-05-11 13:36:22,786 [INFO] src.crawler.smzdm: 第29页: 获取20个商品 (耗时0.2s)
2026-05-11 13:36:22,786 [INFO] src.crawler.smzdm: 已抓取 580 个商品
2026-05-11 13:36:23,654 [INFO] src.crawler.smzdm: 第30页: 获取20个商品 (耗时0.2s)
2026-05-11 13:36:23,655 [INFO] src.crawler.smzdm: 已抓取 600 个商品
2026-05-11 13:36:24,997 [INFO] src.crawler.smzdm: 第31页: 获取20个商品 (耗时0.2s)
2026-05-11 13:36:24,998 [INFO] src.crawler.smzdm: 已抓取 620 个商品
2026-05-11 13:36:26,198 [INFO] src.crawler.smzdm: 第32页: 获取20个商品 (耗时0.2s)
2026-05-11 13:36:26,199 [INFO] src.crawler.smzdm: 已抓取 640 个商品
2026-05-11 13:36:26,973 [INFO] src.crawler.smzdm: 第33页: 获取20个商品 (耗时0.2s)
2026-05-11 13:36:26,973 [INFO] src.crawler.smzdm: 已抓取 660 个商品
2026-05-11 13:36:28,517 [INFO] src.crawler.smzdm: 第34页: 获取20个商品 (耗时0.2s)
2026-05-11 13:36:28,517 [INFO] src.crawler.smzdm: 已抓取 680 个商品
2026-05-11 13:36:29,855 [INFO] src.crawler.smzdm: 第35页: 获取20个商品 (耗时0.2s)
2026-05-11 13:36:29,856 [INFO] src.crawler.smzdm: 已抓取 700 个商品
2026-05-11 13:36:30,618 [INFO] src.crawler.smzdm: 第36页: 获取20个商品 (耗时0.2s)
2026-05-11 13:36:30,619 [INFO] src.crawler.smzdm: 已抓取 720 个商品
2026-05-11 13:36:31,410 [INFO] src.crawler.smzdm: 第37页: 获取20个商品 (耗时0.2s)
2026-05-11 13:36:31,410 [INFO] src.crawler.smzdm: 已抓取 740 个商品
2026-05-11 13:36:32,093 [INFO] src.crawler.smzdm: 第38页: 获取20个商品 (耗时0.2s)
2026-05-11 13:36:32,093 [INFO] src.crawler.smzdm: 已抓取 760 个商品
2026-05-11 13:36:33,097 [INFO] src.crawler.smzdm: 第39页: 获取20个商品 (耗时0.2s)
2026-05-11 13:36:33,097 [INFO] src.crawler.smzdm: 已抓取 780 个商品
2026-05-11 13:36:34,174 [INFO] src.crawler.smzdm: 第40页: 获取20个商品 (耗时0.2s)
2026-05-11 13:36:34,174 [INFO] src.crawler.smzdm: 已抓取 800 个商品
2026-05-11 13:36:35,634 [INFO] src.crawler.smzdm: 第41页: 获取20个商品 (耗时0.2s)
2026-05-11 13:36:35,634 [INFO] src.crawler.smzdm: 已抓取 820 个商品
2026-05-11 13:36:36,477 [INFO] src.crawler.smzdm: 第42页: 获取20个商品 (耗时0.2s)
2026-05-11 13:36:36,477 [INFO] src.crawler.smzdm: 已抓取 840 个商品
2026-05-11 13:36:37,396 [INFO] src.crawler.smzdm: 第43页: 获取20个商品 (耗时0.2s)
2026-05-11 13:36:37,396 [INFO] src.crawler.smzdm: 已抓取 860 个商品
2026-05-11 13:36:38,403 [INFO] src.crawler.smzdm: 第44页: 获取20个商品 (耗时0.1s)
2026-05-11 13:36:38,404 [INFO] src.crawler.smzdm: 已抓取 880 个商品
2026-05-11 13:36:39,924 [INFO] src.crawler.smzdm: 第45页: 获取20个商品 (耗时0.2s)
2026-05-11 13:36:39,925 [INFO] src.crawler.smzdm: 已抓取 900 个商品
2026-05-11 13:36:41,494 [INFO] src.crawler.smzdm: 第46页: 获取20个商品 (耗时0.2s)
2026-05-11 13:36:41,494 [INFO] src.crawler.smzdm: 已抓取 920 个商品
2026-05-11 13:36:42,569 [INFO] src.crawler.smzdm: 第47页: 获取20个商品 (耗时0.2s)
2026-05-11 13:36:42,569 [INFO] src.crawler.smzdm: 已抓取 940 个商品
2026-05-11 13:36:43,342 [INFO] src.crawler.smzdm: 第48页: 获取20个商品 (耗时0.2s)
2026-05-11 13:36:43,343 [INFO] src.crawler.smzdm: 已抓取 960 个商品
2026-05-11 13:36:44,892 [INFO] src.crawler.smzdm: 第49页: 获取20个商品 (耗时0.2s)
2026-05-11 13:36:44,893 [INFO] src.crawler.smzdm: 已抓取 980 个商品
2026-05-11 13:36:46,304 [INFO] src.crawler.smzdm: 第50页: 获取20个商品 (耗时0.3s)
2026-05-11 13:36:46,305 [INFO] src.crawler.smzdm: 已抓取 1000 个商品
2026-05-11 13:36:46,305 [INFO] __main__: 抓取完成，共 1000 个商品
2026-05-11 13:36:46,319 [INFO] __main__: 过滤后剩余 938 个商品
2026-05-11 13:36:46,869 [INFO] __main__: 筛选出 94 个高分商品
2026-05-11 13:36:48,171 [INFO] src.notifier.email: 邮件发送成功: 28 字符
2026-05-11 13:36:48,172 [INFO] __main__: 通知发送成功
2026-05-11 13:36:48,173 [INFO] __main__: 监控完成
2026-05-11 13:36:48,175 [INFO] __main__: 本轮结束，20 件商品通知，300s 后执行下一轮
